id,custom_label_0,custom_label_1,excluded_destination
3.5 см.(2),до-20,online_only,"Free_local_listings,Local_inventory_ads"
ВВ-4001,20-50,online_only,"Free_local_listings,Local_inventory_ads"
6/0 30,100-200,online_only,"Free_local_listings,Local_inventory_ads"
199734 золотий,20-50,online_only,"Free_local_listings,Local_inventory_ads"
АА-4189,50-100,online_only,"Free_local_listings,Local_inventory_ads"
Атласна велика 12.5 см.,20-50,online_only,"Free_local_listings,Local_inventory_ads"
Червона ручка,50-100,online_only,"Free_local_listings,Local_inventory_ads"
188165,до-20,online_only,"Free_local_listings,Local_inventory_ads"
Підкладка,до-20,online_only,"Free_local_listings,Local_inventory_ads"
133486,до-20,online_only,"Free_local_listings,Local_inventory_ads"
216882,100-200,online_only,"Free_local_listings,Local_inventory_ads"
6/0 121,100-200,online_only,"Free_local_listings,Local_inventory_ads"
Фіолетова,50-100,online_only,"Free_local_listings,Local_inventory_ads"
Квіти,50-100,online_only,"Free_local_listings,Local_inventory_ads"
Листок,до-20,online_only,"Free_local_listings,Local_inventory_ads"
Золотий,до-20,online_only,"Free_local_listings,Local_inventory_ads"
200096,до-20,online_only,"Free_local_listings,Local_inventory_ads"
ВВ-3500,до-20,online_only,"Free_local_listings,Local_inventory_ads"
BB-3259,до-20,online_only,"Free_local_listings,Local_inventory_ads"
982,100-200,online_only,"Free_local_listings,Local_inventory_ads"
25655,50-100,online_only,"Free_local_listings,Local_inventory_ads"
2-Бузково-рожева,50-100,online_only,"Free_local_listings,Local_inventory_ads"
Матовий фасований.,до-20,online_only,"Free_local_listings,Local_inventory_ads"
14,20-50,online_only,"Free_local_listings,Local_inventory_ads"
22-20,50-100,online_only,"Free_local_listings,Local_inventory_ads"
Бант вузький,до-20,online_only,"Free_local_listings,Local_inventory_ads"
65(2),20-50,online_only,"Free_local_listings,Local_inventory_ads"
216844,100-200,online_only,"Free_local_listings,Local_inventory_ads"
№7(1) крем,до-20,online_only,"Free_local_listings,Local_inventory_ads"
56516 29 см.,100-200,online_only,"Free_local_listings,Local_inventory_ads"
12842,50-100,online_only,"Free_local_listings,Local_inventory_ads"
хст-151,50-100,online_only,"Free_local_listings,Local_inventory_ads"
188172,до-20,online_only,"Free_local_listings,Local_inventory_ads"
27083,до-20,online_only,"Free_local_listings,Local_inventory_ads"
2505В,до-20,online_only,"Free_local_listings,Local_inventory_ads"
Глянець м'ятна,50-100,online_only,"Free_local_listings,Local_inventory_ads"
205718,до-20,online_only,"Free_local_listings,Local_inventory_ads"
2006 0862 бантик,до-20,online_only,"Free_local_listings,Local_inventory_ads"
60966,до-20,online_only,"Free_local_listings,Local_inventory_ads"
ВВ-4048,20-50,online_only,"Free_local_listings,Local_inventory_ads"
26777,до-20,online_only,"Free_local_listings,Local_inventory_ads"
ВВ-4052 Кольорові,до-20,online_only,"Free_local_listings,Local_inventory_ads"
Ведмежа,20-50,online_only,"Free_local_listings,Local_inventory_ads"
Атласна два кольори,20-50,online_only,"Free_local_listings,Local_inventory_ads"
ВВ-1107,до-20,online_only,"Free_local_listings,Local_inventory_ads"
Троянда.,до-20,online_only,"Free_local_listings,Local_inventory_ads"
28197,до-20,online_only,"Free_local_listings,Local_inventory_ads"
049,200+,online_only,"Free_local_listings,Local_inventory_ads"
"Крістал, теплий 100 ламп",200+,online_only,"Free_local_listings,Local_inventory_ads"
28019,до-20,online_only,"Free_local_listings,Local_inventory_ads"
"Три троянди, білі",20-50,online_only,"Free_local_listings,Local_inventory_ads"
Рожева,50-100,online_only,"Free_local_listings,Local_inventory_ads"
27741,до-20,online_only,"Free_local_listings,Local_inventory_ads"
12/0 №507,20-50,online_only,"Free_local_listings,Local_inventory_ads"
215014 3.5 см.,до-20,online_only,"Free_local_listings,Local_inventory_ads"
Персикова,50-100,online_only,"Free_local_listings,Local_inventory_ads"
Пасма з бантиком,20-50,online_only,"Free_local_listings,Local_inventory_ads"
8580N,20-50,online_only,"Free_local_listings,Local_inventory_ads"
Лаймовий,100-200,online_only,"Free_local_listings,Local_inventory_ads"
Ситець Об'ємні,до-20,online_only,"Free_local_listings,Local_inventory_ads"
ВВ-3753,до-20,online_only,"Free_local_listings,Local_inventory_ads"
212862,до-20,online_only,"Free_local_listings,Local_inventory_ads"
28037,до-20,online_only,"Free_local_listings,Local_inventory_ads"
ND-8,50-100,online_only,"Free_local_listings,Local_inventory_ads"
51-6,50-100,online_only,"Free_local_listings,Local_inventory_ads"
KR-2,50-100,online_only,"Free_local_listings,Local_inventory_ads"
С.Б.,20-50,online_only,"Free_local_listings,Local_inventory_ads"
27890,100-200,online_only,"Free_local_listings,Local_inventory_ads"
Мережево Білі-беж.,20-50,online_only,"Free_local_listings,Local_inventory_ads"
24-92,20-50,online_only,"Free_local_listings,Local_inventory_ads"
26991,200+,online_only,"Free_local_listings,Local_inventory_ads"
191219,до-20,online_only,"Free_local_listings,Local_inventory_ads"
Мокко дитяча,20-50,online_only,"Free_local_listings,Local_inventory_ads"
165616 Білий,50-100,online_only,"Free_local_listings,Local_inventory_ads"
Асорті,до-20,online_only,"Free_local_listings,Local_inventory_ads"
Набір Асорти.№ 6,до-20,online_only,"Free_local_listings,Local_inventory_ads"
s-3b,до-20,online_only,"Free_local_listings,Local_inventory_ads"
ВВ-3754,до-20,online_only,"Free_local_listings,Local_inventory_ads"
Малютка яскрава 2 см.,до-20,online_only,"Free_local_listings,Local_inventory_ads"
25637,до-20,online_only,"Free_local_listings,Local_inventory_ads"
54,до-20,online_only,"Free_local_listings,Local_inventory_ads"
30-ка світла.,до-20,online_only,"Free_local_listings,Local_inventory_ads"
188189,до-20,online_only,"Free_local_listings,Local_inventory_ads"
№30 Білі,до-20,online_only,"Free_local_listings,Local_inventory_ads"
глянець малина,50-100,online_only,"Free_local_listings,Local_inventory_ads"
856,100-200,online_only,"Free_local_listings,Local_inventory_ads"
Білий 100 ламп,50-100,online_only,"Free_local_listings,Local_inventory_ads"
М46 коричневий,100-200,online_only,"Free_local_listings,Local_inventory_ads"
BB3116,20-50,online_only,"Free_local_listings,Local_inventory_ads"
20-8382,до-20,online_only,"Free_local_listings,Local_inventory_ads"
217476,до-20,online_only,"Free_local_listings,Local_inventory_ads"
Гафре чорна,до-20,online_only,"Free_local_listings,Local_inventory_ads"
212860,до-20,online_only,"Free_local_listings,Local_inventory_ads"
28720,до-20,online_only,"Free_local_listings,Local_inventory_ads"
В 3,100-200,online_only,"Free_local_listings,Local_inventory_ads"
Шпилька 7см.,до-20,online_only,"Free_local_listings,Local_inventory_ads"
40-53,до-20,online_only,"Free_local_listings,Local_inventory_ads"
204971,до-20,online_only,"Free_local_listings,Local_inventory_ads"
Синій бантик,до-20,online_only,"Free_local_listings,Local_inventory_ads"
50-3,до-20,online_only,"Free_local_listings,Local_inventory_ads"
027,100-200,online_only,"Free_local_listings,Local_inventory_ads"
20278,50-100,online_only,"Free_local_listings,Local_inventory_ads"
27628,до-20,online_only,"Free_local_listings,Local_inventory_ads"
24223,до-20,online_only,"Free_local_listings,Local_inventory_ads"
8598,до-20,online_only,"Free_local_listings,Local_inventory_ads"
Шпилька 6см.,до-20,online_only,"Free_local_listings,Local_inventory_ads"
SOIinQen Філірувальні.,100-200,online_only,"Free_local_listings,Local_inventory_ads"
№12/25,100-200,online_only,"Free_local_listings,Local_inventory_ads"
207286,до-20,online_only,"Free_local_listings,Local_inventory_ads"
25470,до-20,online_only,"Free_local_listings,Local_inventory_ads"
ВВ-3755,до-20,online_only,"Free_local_listings,Local_inventory_ads"
"А 1. Малютка, смужка яскрава.",до-20,online_only,"Free_local_listings,Local_inventory_ads"
Гудзик 100шт. Кольорова,до-20,online_only,"Free_local_listings,Local_inventory_ads"
№ 12 Кольорова велика,до-20,online_only,"Free_local_listings,Local_inventory_ads"
204834,100-200,online_only,"Free_local_listings,Local_inventory_ads"
Срібна 6 см.,до-20,online_only,"Free_local_listings,Local_inventory_ads"
6/0 49,100-200,online_only,"Free_local_listings,Local_inventory_ads"
Профі довга,до-20,online_only,"Free_local_listings,Local_inventory_ads"
№12/126,100-200,online_only,"Free_local_listings,Local_inventory_ads"
ВВ-8593,до-20,online_only,"Free_local_listings,Local_inventory_ads"
GB1129-15-3B,до-20,online_only,"Free_local_listings,Local_inventory_ads"
Коло,20-50,online_only,"Free_local_listings,Local_inventory_ads"
202434,до-20,online_only,"Free_local_listings,Local_inventory_ads"
ВВ-8330,20-50,online_only,"Free_local_listings,Local_inventory_ads"
Темний золотарник.,100-200,online_only,"Free_local_listings,Local_inventory_ads"
BR-9,20-50,online_only,"Free_local_listings,Local_inventory_ads"
217346,20-50,online_only,"Free_local_listings,Local_inventory_ads"
№12,до-20,online_only,"Free_local_listings,Local_inventory_ads"
перлинка 7 см.,до-20,online_only,"Free_local_listings,Local_inventory_ads"
"Плюш широка, пастель.",20-50,online_only,"Free_local_listings,Local_inventory_ads"
205015,до-20,online_only,"Free_local_listings,Local_inventory_ads"
Бантик Білий.,до-20,online_only,"Free_local_listings,Local_inventory_ads"
216769,20-50,online_only,"Free_local_listings,Local_inventory_ads"
D4/80,до-20,online_only,"Free_local_listings,Local_inventory_ads"
Кориця,50-100,online_only,"Free_local_listings,Local_inventory_ads"
BROSH50-37,50-100,online_only,"Free_local_listings,Local_inventory_ads"
Ободок сталевий 0.5см.,до-20,online_only,"Free_local_listings,Local_inventory_ads"
194173 зол,50-100,online_only,"Free_local_listings,Local_inventory_ads"
207569,100-200,online_only,"Free_local_listings,Local_inventory_ads"
Малютка пастель 2 см.,до-20,online_only,"Free_local_listings,Local_inventory_ads"
ND-6,50-100,online_only,"Free_local_listings,Local_inventory_ads"
199901,до-20,online_only,"Free_local_listings,Local_inventory_ads"
Жовто-блакитні. Репс.,до-20,online_only,"Free_local_listings,Local_inventory_ads"
ВВ-4045,20-50,online_only,"Free_local_listings,Local_inventory_ads"
199772,до-20,online_only,"Free_local_listings,Local_inventory_ads"
193862 глянець.,100-200,online_only,"Free_local_listings,Local_inventory_ads"
№ 6,до-20,online_only,"Free_local_listings,Local_inventory_ads"
АА 20 малина,до-20,online_only,"Free_local_listings,Local_inventory_ads"
26249,20-50,online_only,"Free_local_listings,Local_inventory_ads"
Однотонні кольорові,до-20,online_only,"Free_local_listings,Local_inventory_ads"
"Плюш вузька, пастель.",20-50,online_only,"Free_local_listings,Local_inventory_ads"
8585,20-50,online_only,"Free_local_listings,Local_inventory_ads"
Крокодил червоний.,до-20,online_only,"Free_local_listings,Local_inventory_ads"
Біла кобра,20-50,online_only,"Free_local_listings,Local_inventory_ads"
210293,20-50,online_only,"Free_local_listings,Local_inventory_ads"
6/0 145,до-20,online_only,"Free_local_listings,Local_inventory_ads"
Блакитний,50-100,online_only,"Free_local_listings,Local_inventory_ads"
Морська хвиля,200+,online_only,"Free_local_listings,Local_inventory_ads"
164268,50-100,online_only,"Free_local_listings,Local_inventory_ads"
ВВ-1985 6 см.,100-200,online_only,"Free_local_listings,Local_inventory_ads"
s-4c,до-20,online_only,"Free_local_listings,Local_inventory_ads"
S -2,до-20,online_only,"Free_local_listings,Local_inventory_ads"
26249,20-50,online_only,"Free_local_listings,Local_inventory_ads"
№12/147,100-200,online_only,"Free_local_listings,Local_inventory_ads"
217216,до-20,online_only,"Free_local_listings,Local_inventory_ads"
6/0 44,100-200,online_only,"Free_local_listings,Local_inventory_ads"
28166,до-20,online_only,"Free_local_listings,Local_inventory_ads"
М-2,до-20,online_only,"Free_local_listings,Local_inventory_ads"
АА-4186,50-100,online_only,"Free_local_listings,Local_inventory_ads"
Гітара,20-50,online_only,"Free_local_listings,Local_inventory_ads"
футбол,до-20,online_only,"Free_local_listings,Local_inventory_ads"
ASC-1,до-20,online_only,"Free_local_listings,Local_inventory_ads"
28108,до-20,online_only,"Free_local_listings,Local_inventory_ads"
190410,до-20,online_only,"Free_local_listings,Local_inventory_ads"
Срібний.,до-20,online_only,"Free_local_listings,Local_inventory_ads"
SH-41,до-20,online_only,"Free_local_listings,Local_inventory_ads"
217414,до-20,online_only,"Free_local_listings,Local_inventory_ads"
28086,до-20,online_only,"Free_local_listings,Local_inventory_ads"
211580 медвежа,до-20,online_only,"Free_local_listings,Local_inventory_ads"
№ 12,200+,online_only,"Free_local_listings,Local_inventory_ads"
MY 81916,до-20,online_only,"Free_local_listings,Local_inventory_ads"
Атласна чорна. 10 см.,до-20,online_only,"Free_local_listings,Local_inventory_ads"
202380,до-20,online_only,"Free_local_listings,Local_inventory_ads"
s-3c,до-20,online_only,"Free_local_listings,Local_inventory_ads"
Квіточка Чор.,до-20,online_only,"Free_local_listings,Local_inventory_ads"
10894,до-20,online_only,"Free_local_listings,Local_inventory_ads"
Kitty,до-20,online_only,"Free_local_listings,Local_inventory_ads"
207941 5.5 см.,до-20,online_only,"Free_local_listings,Local_inventory_ads"
28173,до-20,online_only,"Free_local_listings,Local_inventory_ads"
449,до-20,online_only,"Free_local_listings,Local_inventory_ads"
Бант кольо.,до-20,online_only,"Free_local_listings,Local_inventory_ads"
203868 Пудра,50-100,online_only,"Free_local_listings,Local_inventory_ads"
2434,до-20,online_only,"Free_local_listings,Local_inventory_ads"
Силіконові у баночці,до-20,online_only,"Free_local_listings,Local_inventory_ads"
№40 срібні,до-20,online_only,"Free_local_listings,Local_inventory_ads"
50-2,до-20,online_only,"Free_local_listings,Local_inventory_ads"
165623 Кор.,50-100,online_only,"Free_local_listings,Local_inventory_ads"
ВВ-3765,20-50,online_only,"Free_local_listings,Local_inventory_ads"
Кольороиій 9.5 см.,до-20,online_only,"Free_local_listings,Local_inventory_ads"
12/27,до-20,online_only,"Free_local_listings,Local_inventory_ads"
GD90/83,до-20,online_only,"Free_local_listings,Local_inventory_ads"
BB-4052 Коричневі,до-20,online_only,"Free_local_listings,Local_inventory_ads"
Плоская спица.,до-20,online_only,"Free_local_listings,Local_inventory_ads"
34732,50-100,online_only,"Free_local_listings,Local_inventory_ads"
2915A-1708А,до-20,online_only,"Free_local_listings,Local_inventory_ads"
60472,100-200,online_only,"Free_local_listings,Local_inventory_ads"
26478,до-20,online_only,"Free_local_listings,Local_inventory_ads"
25749,50-100,online_only,"Free_local_listings,Local_inventory_ads"
12/0 №604,20-50,online_only,"Free_local_listings,Local_inventory_ads"
210323,20-50,online_only,"Free_local_listings,Local_inventory_ads"
64(2),20-50,online_only,"Free_local_listings,Local_inventory_ads"
6/0 27В,до-20,online_only,"Free_local_listings,Local_inventory_ads"
Робок Чорні.50 шт.,до-20,online_only,"Free_local_listings,Local_inventory_ads"
1037,100-200,online_only,"Free_local_listings,Local_inventory_ads"
40-75,до-20,online_only,"Free_local_listings,Local_inventory_ads"
Срібна 0.40 мм.,50-100,online_only,"Free_local_listings,Local_inventory_ads"
ND-4,50-100,online_only,"Free_local_listings,Local_inventory_ads"
хст-121 червоний відтінок,50-100,online_only,"Free_local_listings,Local_inventory_ads"
25638,20-50,online_only,"Free_local_listings,Local_inventory_ads"
13790,20-50,online_only,"Free_local_listings,Local_inventory_ads"
глянець бузкова,50-100,online_only,"Free_local_listings,Local_inventory_ads"
27570,до-20,online_only,"Free_local_listings,Local_inventory_ads"
Метелик циркон,100-200,online_only,"Free_local_listings,Local_inventory_ads"
101355,до-20,online_only,"Free_local_listings,Local_inventory_ads"
158885,до-20,online_only,"Free_local_listings,Local_inventory_ads"
101393,до-20,online_only,"Free_local_listings,Local_inventory_ads"
217407,до-20,online_only,"Free_local_listings,Local_inventory_ads"
Н-2,100-200,online_only,"Free_local_listings,Local_inventory_ads"
51-30,20-50,online_only,"Free_local_listings,Local_inventory_ads"
201468,100-200,online_only,"Free_local_listings,Local_inventory_ads"
061967,200+,online_only,"Free_local_listings,Local_inventory_ads"
S-1,до-20,online_only,"Free_local_listings,Local_inventory_ads"
Корона 5.5 см.,100-200,online_only,"Free_local_listings,Local_inventory_ads"
Змія.,20-50,online_only,"Free_local_listings,Local_inventory_ads"
ВК-4,50-100,online_only,"Free_local_listings,Local_inventory_ads"
9124,20-50,online_only,"Free_local_listings,Local_inventory_ads"
854А,50-100,online_only,"Free_local_listings,Local_inventory_ads"
49200,100-200,online_only,"Free_local_listings,Local_inventory_ads"
2005 9514,20-50,online_only,"Free_local_listings,Local_inventory_ads"
Зелений 0.30 мм.,20-50,online_only,"Free_local_listings,Local_inventory_ads"
180626,до-20,online_only,"Free_local_listings,Local_inventory_ads"
Срібна,до-20,online_only,"Free_local_listings,Local_inventory_ads"
Метелик С А,до-20,online_only,"Free_local_listings,Local_inventory_ads"
Беж.,50-100,online_only,"Free_local_listings,Local_inventory_ads"
ВВ-8443,до-20,online_only,"Free_local_listings,Local_inventory_ads"
Срібна 5 см.,до-20,online_only,"Free_local_listings,Local_inventory_ads"
№ 100 гудзик Б,до-20,online_only,"Free_local_listings,Local_inventory_ads"
63350,100-200,online_only,"Free_local_listings,Local_inventory_ads"
158892,до-20,online_only,"Free_local_listings,Local_inventory_ads"
рожева матова,50-100,online_only,"Free_local_listings,Local_inventory_ads"
169898 пастель світла,до-20,online_only,"Free_local_listings,Local_inventory_ads"
Ведмедик_рз,20-50,online_only,"Free_local_listings,Local_inventory_ads"
ВВ-4000,20-50,online_only,"Free_local_listings,Local_inventory_ads"
Бордова,50-100,online_only,"Free_local_listings,Local_inventory_ads"
Малина,50-100,online_only,"Free_local_listings,Local_inventory_ads"
Біла,20-50,online_only,"Free_local_listings,Local_inventory_ads"
34664,50-100,online_only,"Free_local_listings,Local_inventory_ads"
47-4,50-100,online_only,"Free_local_listings,Local_inventory_ads"
2589,100-200,online_only,"Free_local_listings,Local_inventory_ads"
G90 №10 Пастель 26 см.,до-20,online_only,"Free_local_listings,Local_inventory_ads"
33472,до-20,online_only,"Free_local_listings,Local_inventory_ads"
Бантик з серцем.,до-20,online_only,"Free_local_listings,Local_inventory_ads"
Квітка металева 5 см.,20-50,online_only,"Free_local_listings,Local_inventory_ads"
27861,200+,online_only,"Free_local_listings,Local_inventory_ads"
№76,20-50,online_only,"Free_local_listings,Local_inventory_ads"
34-48,20-50,online_only,"Free_local_listings,Local_inventory_ads"
28151,50-100,online_only,"Free_local_listings,Local_inventory_ads"
215144,20-50,online_only,"Free_local_listings,Local_inventory_ads"
207316,до-20,online_only,"Free_local_listings,Local_inventory_ads"
9701,100-200,online_only,"Free_local_listings,Local_inventory_ads"
Метелик,20-50,online_only,"Free_local_listings,Local_inventory_ads"
ВВ-8167,до-20,online_only,"Free_local_listings,Local_inventory_ads"
№12/144,100-200,online_only,"Free_local_listings,Local_inventory_ads"
Paris,до-20,online_only,"Free_local_listings,Local_inventory_ads"
Y-2,до-20,online_only,"Free_local_listings,Local_inventory_ads"
№12/122,100-200,online_only,"Free_local_listings,Local_inventory_ads"
АА29-3,до-20,online_only,"Free_local_listings,Local_inventory_ads"
211320,до-20,online_only,"Free_local_listings,Local_inventory_ads"
Крабики у баночці,до-20,online_only,"Free_local_listings,Local_inventory_ads"
35-6,до-20,online_only,"Free_local_listings,Local_inventory_ads"
40-54,до-20,online_only,"Free_local_listings,Local_inventory_ads"
27292,до-20,online_only,"Free_local_listings,Local_inventory_ads"
BB-3703,до-20,online_only,"Free_local_listings,Local_inventory_ads"
188301 зол.,до-20,online_only,"Free_local_listings,Local_inventory_ads"
40870,50-100,online_only,"Free_local_listings,Local_inventory_ads"
Корона 3 см.,50-100,online_only,"Free_local_listings,Local_inventory_ads"
210248,20-50,online_only,"Free_local_listings,Local_inventory_ads"
6/0 28,100-200,online_only,"Free_local_listings,Local_inventory_ads"
Чорний,100-200,online_only,"Free_local_listings,Local_inventory_ads"
216981,100-200,online_only,"Free_local_listings,Local_inventory_ads"
28134,до-20,online_only,"Free_local_listings,Local_inventory_ads"
Каменний,50-100,online_only,"Free_local_listings,Local_inventory_ads"
28063,100-200,online_only,"Free_local_listings,Local_inventory_ads"
64368,до-20,online_only,"Free_local_listings,Local_inventory_ads"
Лілія мала.,до-20,online_only,"Free_local_listings,Local_inventory_ads"
Квіточка. 3 см.,до-20,online_only,"Free_local_listings,Local_inventory_ads"
ВВ-1499 Рюшка,до-20,online_only,"Free_local_listings,Local_inventory_ads"
207361,до-20,online_only,"Free_local_listings,Local_inventory_ads"
Квітка металева 8 см.,20-50,online_only,"Free_local_listings,Local_inventory_ads"
27809,200+,online_only,"Free_local_listings,Local_inventory_ads"
208122,20-50,online_only,"Free_local_listings,Local_inventory_ads"
Х3-2Z,100-200,online_only,"Free_local_listings,Local_inventory_ads"
Чорна ручка,20-50,online_only,"Free_local_listings,Local_inventory_ads"
Гематит,до-20,online_only,"Free_local_listings,Local_inventory_ads"
27750,до-20,online_only,"Free_local_listings,Local_inventory_ads"
№12/145 Рожевий світлий.,100-200,online_only,"Free_local_listings,Local_inventory_ads"
Основа під резинку,до-20,online_only,"Free_local_listings,Local_inventory_ads"
790,20-50,online_only,"Free_local_listings,Local_inventory_ads"
27405,20-50,online_only,"Free_local_listings,Local_inventory_ads"
69815. 6 см.,до-20,online_only,"Free_local_listings,Local_inventory_ads"
210330,20-50,online_only,"Free_local_listings,Local_inventory_ads"
Хрестик,до-20,online_only,"Free_local_listings,Local_inventory_ads"
MR 1,до-20,online_only,"Free_local_listings,Local_inventory_ads"
Ч. Б. №10,до-20,online_only,"Free_local_listings,Local_inventory_ads"
27х20 Україна,20-50,online_only,"Free_local_listings,Local_inventory_ads"
Велюрка Велика 14 см.,20-50,online_only,"Free_local_listings,Local_inventory_ads"
Рожево-червона.,50-100,online_only,"Free_local_listings,Local_inventory_ads"
№7 Білі,до-20,online_only,"Free_local_listings,Local_inventory_ads"
12/0 №536,20-50,online_only,"Free_local_listings,Local_inventory_ads"
26752,100-200,online_only,"Free_local_listings,Local_inventory_ads"
хс-1454,100-200,online_only,"Free_local_listings,Local_inventory_ads"
536,200+,online_only,"Free_local_listings,Local_inventory_ads"
28062,до-20,online_only,"Free_local_listings,Local_inventory_ads"
Жовто-блакитна з бантом.,20-50,online_only,"Free_local_listings,Local_inventory_ads"
Білі стрази. 4.5 см.,50-100,online_only,"Free_local_listings,Local_inventory_ads"
№12/150 Бузковий,100-200,online_only,"Free_local_listings,Local_inventory_ads"
Обруч чорнй.0.5см.,до-20,online_only,"Free_local_listings,Local_inventory_ads"
Y-5,до-20,online_only,"Free_local_listings,Local_inventory_ads"
210286,20-50,online_only,"Free_local_listings,Local_inventory_ads"
5035,50-100,online_only,"Free_local_listings,Local_inventory_ads"
6/0 143,до-20,online_only,"Free_local_listings,Local_inventory_ads"
№12/24,100-200,online_only,"Free_local_listings,Local_inventory_ads"
R 3098,100-200,online_only,"Free_local_listings,Local_inventory_ads"
30402 Персик,до-20,online_only,"Free_local_listings,Local_inventory_ads"
194340,20-50,online_only,"Free_local_listings,Local_inventory_ads"
Широка 6.5 см.,до-20,online_only,"Free_local_listings,Local_inventory_ads"
В4023-1С,до-20,online_only,"Free_local_listings,Local_inventory_ads"
Монетка,200+,online_only,"Free_local_listings,Local_inventory_ads"
АК-3,100-200,online_only,"Free_local_listings,Local_inventory_ads"
9850-75-3-1,20-50,online_only,"Free_local_listings,Local_inventory_ads"
1921 горох,до-20,online_only,"Free_local_listings,Local_inventory_ads"
Обруч з камінцями,50-100,online_only,"Free_local_listings,Local_inventory_ads"
ВВ-4148,до-20,online_only,"Free_local_listings,Local_inventory_ads"
СА Рожева,50-100,online_only,"Free_local_listings,Local_inventory_ads"
Y-3,до-20,online_only,"Free_local_listings,Local_inventory_ads"
Твіллі з перлами,20-50,online_only,"Free_local_listings,Local_inventory_ads"
Вогні Мояку,до-20,online_only,"Free_local_listings,Local_inventory_ads"
212778,до-20,online_only,"Free_local_listings,Local_inventory_ads"
1/20 Жовтий,50-100,online_only,"Free_local_listings,Local_inventory_ads"
6/0 22В,100-200,online_only,"Free_local_listings,Local_inventory_ads"
65(1),20-50,online_only,"Free_local_listings,Local_inventory_ads"
"G90 ""10/26 см. Білі",до-20,online_only,"Free_local_listings,Local_inventory_ads"
А 22,50-100,online_only,"Free_local_listings,Local_inventory_ads"
Паркан-Санта.,20-50,online_only,"Free_local_listings,Local_inventory_ads"
27749,100-200,online_only,"Free_local_listings,Local_inventory_ads"
Вушка з перлами.,50-100,online_only,"Free_local_listings,Local_inventory_ads"
Ромб кольо.,до-20,online_only,"Free_local_listings,Local_inventory_ads"
64(6),20-50,online_only,"Free_local_listings,Local_inventory_ads"
А 13,50-100,online_only,"Free_local_listings,Local_inventory_ads"
27979,200+,online_only,"Free_local_listings,Local_inventory_ads"
180084,до-20,online_only,"Free_local_listings,Local_inventory_ads"
0221,20-50,online_only,"Free_local_listings,Local_inventory_ads"
№ 30 білі,до-20,online_only,"Free_local_listings,Local_inventory_ads"
Синє-жовто-салатовий,50-100,online_only,"Free_local_listings,Local_inventory_ads"
188158,до-20,online_only,"Free_local_listings,Local_inventory_ads"
51-25,20-50,online_only,"Free_local_listings,Local_inventory_ads"
Емаль зол.,50-100,online_only,"Free_local_listings,Local_inventory_ads"
ALEKSANDRA. 4.5 см.,до-20,online_only,"Free_local_listings,Local_inventory_ads"
А 15,100-200,online_only,"Free_local_listings,Local_inventory_ads"
28140,до-20,online_only,"Free_local_listings,Local_inventory_ads"
28110,100-200,online_only,"Free_local_listings,Local_inventory_ads"
горох 17-1,20-50,online_only,"Free_local_listings,Local_inventory_ads"
ВВ-3653,20-50,online_only,"Free_local_listings,Local_inventory_ads"
24-93,50-100,online_only,"Free_local_listings,Local_inventory_ads"
SOlinQen,100-200,online_only,"Free_local_listings,Local_inventory_ads"
№8,50-100,online_only,"Free_local_listings,Local_inventory_ads"
Помаранчевий АВС,100-200,online_only,"Free_local_listings,Local_inventory_ads"
6/0 144,100-200,online_only,"Free_local_listings,Local_inventory_ads"
1/11,50-100,online_only,"Free_local_listings,Local_inventory_ads"
13927,до-20,online_only,"Free_local_listings,Local_inventory_ads"
РК-2 Р,20-50,online_only,"Free_local_listings,Local_inventory_ads"
Зелено-жовтий.,100-200,online_only,"Free_local_listings,Local_inventory_ads"
Червоний,50-100,online_only,"Free_local_listings,Local_inventory_ads"
27767,50-100,online_only,"Free_local_listings,Local_inventory_ads"
S-13,до-20,online_only,"Free_local_listings,Local_inventory_ads"
50-5,до-20,online_only,"Free_local_listings,Local_inventory_ads"
Овальні перли,50-100,online_only,"Free_local_listings,Local_inventory_ads"
Золота кобра,20-50,online_only,"Free_local_listings,Local_inventory_ads"
Круглі перли,50-100,online_only,"Free_local_listings,Local_inventory_ads"
0222,20-50,online_only,"Free_local_listings,Local_inventory_ads"
Мокко,50-100,online_only,"Free_local_listings,Local_inventory_ads"
12/0 №537,20-50,online_only,"Free_local_listings,Local_inventory_ads"
КРМ 3-6,20-50,online_only,"Free_local_listings,Local_inventory_ads"
7884В-2,20-50,online_only,"Free_local_listings,Local_inventory_ads"
№175,20-50,online_only,"Free_local_listings,Local_inventory_ads"
76,100-200,online_only,"Free_local_listings,Local_inventory_ads"
№12/23В,100-200,online_only,"Free_local_listings,Local_inventory_ads"
№100 Гудзик Ч.,до-20,online_only,"Free_local_listings,Local_inventory_ads"
42450,20-50,online_only,"Free_local_listings,Local_inventory_ads"
61819 Червоні маки,50-100,online_only,"Free_local_listings,Local_inventory_ads"
ВВ-8594,20-50,online_only,"Free_local_listings,Local_inventory_ads"
1/12,50-100,online_only,"Free_local_listings,Local_inventory_ads"
В 11,50-100,online_only,"Free_local_listings,Local_inventory_ads"
117004,20-50,online_only,"Free_local_listings,Local_inventory_ads"
Заяць кольорові,до-20,online_only,"Free_local_listings,Local_inventory_ads"
К-6037,50-100,online_only,"Free_local_listings,Local_inventory_ads"
201475,100-200,online_only,"Free_local_listings,Local_inventory_ads"
3831,50-100,online_only,"Free_local_listings,Local_inventory_ads"
216615,50-100,online_only,"Free_local_listings,Local_inventory_ads"
206913,до-20,online_only,"Free_local_listings,Local_inventory_ads"
2915А-1708В,до-20,online_only,"Free_local_listings,Local_inventory_ads"
28105,до-20,online_only,"Free_local_listings,Local_inventory_ads"
1105-S,до-20,online_only,"Free_local_listings,Local_inventory_ads"
541,200+,online_only,"Free_local_listings,Local_inventory_ads"
Зайка_рз,20-50,online_only,"Free_local_listings,Local_inventory_ads"
Петелька,до-20,online_only,"Free_local_listings,Local_inventory_ads"
21930,до-20,online_only,"Free_local_listings,Local_inventory_ads"
1026,100-200,online_only,"Free_local_listings,Local_inventory_ads"
Какао.,100-200,online_only,"Free_local_listings,Local_inventory_ads"
Білі,50-100,online_only,"Free_local_listings,Local_inventory_ads"
Малютка чорна. А 1,до-20,online_only,"Free_local_listings,Local_inventory_ads"
20061012 Чорна 48шт.,до-20,online_only,"Free_local_listings,Local_inventory_ads"
VS-01,20-50,online_only,"Free_local_listings,Local_inventory_ads"
199666 Сріб.,20-50,online_only,"Free_local_listings,Local_inventory_ads"
ВВ-3879,20-50,online_only,"Free_local_listings,Local_inventory_ads"
172317,до-20,online_only,"Free_local_listings,Local_inventory_ads"
№12/53,100-200,online_only,"Free_local_listings,Local_inventory_ads"
Мак-сончшник,50-100,online_only,"Free_local_listings,Local_inventory_ads"
Гудзик світлий 100 шт.,до-20,online_only,"Free_local_listings,Local_inventory_ads"
210309,20-50,online_only,"Free_local_listings,Local_inventory_ads"
20017996,до-20,online_only,"Free_local_listings,Local_inventory_ads"
216738,50-100,online_only,"Free_local_listings,Local_inventory_ads"
24735,100-200,online_only,"Free_local_listings,Local_inventory_ads"
Широка F,20-50,online_only,"Free_local_listings,Local_inventory_ads"
З Днем Народження.,до-20,online_only,"Free_local_listings,Local_inventory_ads"
28082,200+,online_only,"Free_local_listings,Local_inventory_ads"
28032,до-20,online_only,"Free_local_listings,Local_inventory_ads"
207354,до-20,online_only,"Free_local_listings,Local_inventory_ads"
207255,до-20,online_only,"Free_local_listings,Local_inventory_ads"
205022,до-20,online_only,"Free_local_listings,Local_inventory_ads"
ВВ3102,50-100,online_only,"Free_local_listings,Local_inventory_ads"
Тік-так 30-2,до-20,online_only,"Free_local_listings,Local_inventory_ads"
СА Малина,50-100,online_only,"Free_local_listings,Local_inventory_ads"
Махрова чорна № 12,до-20,online_only,"Free_local_listings,Local_inventory_ads"
33-50-3,до-20,online_only,"Free_local_listings,Local_inventory_ads"
188318 Зол.,до-20,online_only,"Free_local_listings,Local_inventory_ads"
1903,до-20,online_only,"Free_local_listings,Local_inventory_ads"
49521,100-200,online_only,"Free_local_listings,Local_inventory_ads"
GB1129-15-5B,до-20,online_only,"Free_local_listings,Local_inventory_ads"
Бузкова. СА.,50-100,online_only,"Free_local_listings,Local_inventory_ads"
ВВ-4279,20-50,online_only,"Free_local_listings,Local_inventory_ads"
211313,до-20,online_only,"Free_local_listings,Local_inventory_ads"
2-Малиново-м'ятна,50-100,online_only,"Free_local_listings,Local_inventory_ads"
12/0 №41,20-50,online_only,"Free_local_listings,Local_inventory_ads"
216745,100-200,online_only,"Free_local_listings,Local_inventory_ads"
216707,50-100,online_only,"Free_local_listings,Local_inventory_ads"
12/0 № 50,20-50,online_only,"Free_local_listings,Local_inventory_ads"
Смішні очі :),до-20,online_only,"Free_local_listings,Local_inventory_ads"
85754,до-20,online_only,"Free_local_listings,Local_inventory_ads"
808,до-20,online_only,"Free_local_listings,Local_inventory_ads"
Срібна 2.2 см.,до-20,online_only,"Free_local_listings,Local_inventory_ads"
червона матова,50-100,online_only,"Free_local_listings,Local_inventory_ads"
509,100-200,online_only,"Free_local_listings,Local_inventory_ads"
12/0 № 552,20-50,online_only,"Free_local_listings,Local_inventory_ads"
ММ-3,20-50,online_only,"Free_local_listings,Local_inventory_ads"
120 ч,до-20,online_only,"Free_local_listings,Local_inventory_ads"
49750,50-100,online_only,"Free_local_listings,Local_inventory_ads"
Яскрава 30-ка 4см.,до-20,online_only,"Free_local_listings,Local_inventory_ads"
173178,до-20,online_only,"Free_local_listings,Local_inventory_ads"
20037,до-20,online_only,"Free_local_listings,Local_inventory_ads"
BB-3258,до-20,online_only,"Free_local_listings,Local_inventory_ads"
22459,до-20,online_only,"Free_local_listings,Local_inventory_ads"
ТТ 27-5 мокко,до-20,online_only,"Free_local_listings,Local_inventory_ads"
Синій,до-20,online_only,"Free_local_listings,Local_inventory_ads"
12/0 №510,20-50,online_only,"Free_local_listings,Local_inventory_ads"
Н-24 ТХ 36В,200+,online_only,"Free_local_listings,Local_inventory_ads"
"GD90"" 26 см. "" 10",до-20,online_only,"Free_local_listings,Local_inventory_ads"
199697 Зол.,20-50,online_only,"Free_local_listings,Local_inventory_ads"
G 90/80,до-20,online_only,"Free_local_listings,Local_inventory_ads"
АА 20 Коричневі,до-20,online_only,"Free_local_listings,Local_inventory_ads"
28090,до-20,online_only,"Free_local_listings,Local_inventory_ads"
28-58,до-20,online_only,"Free_local_listings,Local_inventory_ads"
G90/26 см. Блакитний.,до-20,online_only,"Free_local_listings,Local_inventory_ads"
Love You FOREVER,до-20,online_only,"Free_local_listings,Local_inventory_ads"
А1033-15-22А,до-20,online_only,"Free_local_listings,Local_inventory_ads"
12/0 №508,20-50,online_only,"Free_local_listings,Local_inventory_ads"
27001,до-20,online_only,"Free_local_listings,Local_inventory_ads"
188127 Бант ч.,до-20,online_only,"Free_local_listings,Local_inventory_ads"
Пастель 30-ка 4 см.,до-20,online_only,"Free_local_listings,Local_inventory_ads"
29697,20-50,online_only,"Free_local_listings,Local_inventory_ads"
186451 Хром,100-200,online_only,"Free_local_listings,Local_inventory_ads"
ДН-3 Зайчик,до-20,online_only,"Free_local_listings,Local_inventory_ads"
Три Маки.,20-50,online_only,"Free_local_listings,Local_inventory_ads"
АА 20 Чорні,до-20,online_only,"Free_local_listings,Local_inventory_ads"
28265,20-50,online_only,"Free_local_listings,Local_inventory_ads"
DA 3315-4AA-1,до-20,online_only,"Free_local_listings,Local_inventory_ads"
26483,100-200,online_only,"Free_local_listings,Local_inventory_ads"
41631,20-50,online_only,"Free_local_listings,Local_inventory_ads"
28189,50-100,online_only,"Free_local_listings,Local_inventory_ads"
2520PK,до-20,online_only,"Free_local_listings,Local_inventory_ads"
22835,50-100,online_only,"Free_local_listings,Local_inventory_ads"
3022Х,50-100,online_only,"Free_local_listings,Local_inventory_ads"
26927,до-20,online_only,"Free_local_listings,Local_inventory_ads"
193831 мат.,100-200,online_only,"Free_local_listings,Local_inventory_ads"
93131,до-20,online_only,"Free_local_listings,Local_inventory_ads"
Гудзик кор. 100 шт.,до-20,online_only,"Free_local_listings,Local_inventory_ads"
ВВ-4140,до-20,online_only,"Free_local_listings,Local_inventory_ads"
Жовта,20-50,online_only,"Free_local_listings,Local_inventory_ads"
24555,до-20,online_only,"Free_local_listings,Local_inventory_ads"
193848 Мат.,100-200,online_only,"Free_local_listings,Local_inventory_ads"
№ 30 чорні,до-20,online_only,"Free_local_listings,Local_inventory_ads"
К-6,100-200,online_only,"Free_local_listings,Local_inventory_ads"
Малютка. A 1,до-20,online_only,"Free_local_listings,Local_inventory_ads"
В39,50-100,online_only,"Free_local_listings,Local_inventory_ads"
W2782 SH,50-100,online_only,"Free_local_listings,Local_inventory_ads"
207224,до-20,online_only,"Free_local_listings,Local_inventory_ads"
Кольоровий 0.30 мм.,20-50,online_only,"Free_local_listings,Local_inventory_ads"
РК-8,100-200,online_only,"Free_local_listings,Local_inventory_ads"
1206,100-200,online_only,"Free_local_listings,Local_inventory_ads"
2006 5461 Червон.Гор. Бантик.,до-20,online_only,"Free_local_listings,Local_inventory_ads"
058,100-200,online_only,"Free_local_listings,Local_inventory_ads"
194180,50-100,online_only,"Free_local_listings,Local_inventory_ads"
№12/29В,100-200,online_only,"Free_local_listings,Local_inventory_ads"
28160,до-20,online_only,"Free_local_listings,Local_inventory_ads"
35-5 Перлинка,20-50,online_only,"Free_local_listings,Local_inventory_ads"
ВВ-4141,до-20,online_only,"Free_local_listings,Local_inventory_ads"
№12/22В,100-200,online_only,"Free_local_listings,Local_inventory_ads"
ВВ-3849,20-50,online_only,"Free_local_listings,Local_inventory_ads"
69501,до-20,online_only,"Free_local_listings,Local_inventory_ads"
28038,до-20,online_only,"Free_local_listings,Local_inventory_ads"
69987,50-100,online_only,"Free_local_listings,Local_inventory_ads"
Біло-синій,до-20,online_only,"Free_local_listings,Local_inventory_ads"
44526,50-100,online_only,"Free_local_listings,Local_inventory_ads"
110224 Чорна 5 см.,до-20,online_only,"Free_local_listings,Local_inventory_ads"
SAIKA,100-200,online_only,"Free_local_listings,Local_inventory_ads"
ВА 54 Медвежа,до-20,online_only,"Free_local_listings,Local_inventory_ads"
28106,до-20,online_only,"Free_local_listings,Local_inventory_ads"
В40,50-100,online_only,"Free_local_listings,Local_inventory_ads"
№12/30,100-200,online_only,"Free_local_listings,Local_inventory_ads"
Чокер чорний зі стразами.,до-20,online_only,"Free_local_listings,Local_inventory_ads"
204841,100-200,online_only,"Free_local_listings,Local_inventory_ads"
BAN 2-1 Стрічка.,до-20,online_only,"Free_local_listings,Local_inventory_ads"
№ 5,до-20,online_only,"Free_local_listings,Local_inventory_ads"
061912,100-200,online_only,"Free_local_listings,Local_inventory_ads"
65(3),20-50,online_only,"Free_local_listings,Local_inventory_ads"
ТК-К4,50-100,online_only,"Free_local_listings,Local_inventory_ads"
28262,200+,online_only,"Free_local_listings,Local_inventory_ads"
28135,200+,online_only,"Free_local_listings,Local_inventory_ads"
Лімонна,50-100,online_only,"Free_local_listings,Local_inventory_ads"
Профі широка,до-20,online_only,"Free_local_listings,Local_inventory_ads"
№ 430-5,50-100,online_only,"Free_local_listings,Local_inventory_ads"
Рубчик дрібний. Широка.,20-50,online_only,"Free_local_listings,Local_inventory_ads"
Зірочка,до-20,online_only,"Free_local_listings,Local_inventory_ads"
28211,100-200,online_only,"Free_local_listings,Local_inventory_ads"
Глянсова 5.5 см.,до-20,online_only,"Free_local_listings,Local_inventory_ads"
108378,до-20,online_only,"Free_local_listings,Local_inventory_ads"
Серце сріб.,50-100,online_only,"Free_local_listings,Local_inventory_ads"
50-6,до-20,online_only,"Free_local_listings,Local_inventory_ads"
BKR-22,20-50,online_only,"Free_local_listings,Local_inventory_ads"
A 15,50-100,online_only,"Free_local_listings,Local_inventory_ads"
188134,до-20,online_only,"Free_local_listings,Local_inventory_ads"
194012 зол.,50-100,online_only,"Free_local_listings,Local_inventory_ads"
№12/409,100-200,online_only,"Free_local_listings,Local_inventory_ads"
ВВ-4046,20-50,online_only,"Free_local_listings,Local_inventory_ads"
Кольорова 100 ламп,50-100,online_only,"Free_local_listings,Local_inventory_ads"
28029,до-20,online_only,"Free_local_listings,Local_inventory_ads"
12/0 №34,20-50,online_only,"Free_local_listings,Local_inventory_ads"
203363,до-20,online_only,"Free_local_listings,Local_inventory_ads"
АD3 пастель 80 асорті,до-20,online_only,"Free_local_listings,Local_inventory_ads"
Золота,до-20,online_only,"Free_local_listings,Local_inventory_ads"
22-23,20-50,online_only,"Free_local_listings,Local_inventory_ads"
Помаранчевий,50-100,online_only,"Free_local_listings,Local_inventory_ads"
Електрик 12/47,100-200,online_only,"Free_local_listings,Local_inventory_ads"
№12/49,100-200,online_only,"Free_local_listings,Local_inventory_ads"
Звірятко,до-20,online_only,"Free_local_listings,Local_inventory_ads"
977,100-200,online_only,"Free_local_listings,Local_inventory_ads"
ВКR-23,20-50,online_only,"Free_local_listings,Local_inventory_ads"
ВВ-4278,20-50,online_only,"Free_local_listings,Local_inventory_ads"
121964,50-100,online_only,"Free_local_listings,Local_inventory_ads"
В4023-1В Беж.,до-20,online_only,"Free_local_listings,Local_inventory_ads"
Кольорові з бантом,20-50,online_only,"Free_local_listings,Local_inventory_ads"
217391,до-20,online_only,"Free_local_listings,Local_inventory_ads"
1с,100-200,online_only,"Free_local_listings,Local_inventory_ads"
А70/80,до-20,online_only,"Free_local_listings,Local_inventory_ads"
12/0 №532,20-50,online_only,"Free_local_listings,Local_inventory_ads"
Шпилька 5 см.,до-20,online_only,"Free_local_listings,Local_inventory_ads"
№7 беж,до-20,online_only,"Free_local_listings,Local_inventory_ads"
904,100-200,online_only,"Free_local_listings,Local_inventory_ads"
28027,до-20,online_only,"Free_local_listings,Local_inventory_ads"
ВВ-1097,до-20,online_only,"Free_local_listings,Local_inventory_ads"
217605,до-20,online_only,"Free_local_listings,Local_inventory_ads"
ВВ-4047,20-50,online_only,"Free_local_listings,Local_inventory_ads"
Бантик з полуничкой,до-20,online_only,"Free_local_listings,Local_inventory_ads"
TXTD-6009S Срібло,100-200,online_only,"Free_local_listings,Local_inventory_ads"
ДН-4 Цукерка,до-20,online_only,"Free_local_listings,Local_inventory_ads"
№12/129,100-200,online_only,"Free_local_listings,Local_inventory_ads"
627996,200+,online_only,"Free_local_listings,Local_inventory_ads"
1066,до-20,online_only,"Free_local_listings,Local_inventory_ads"
205343,до-20,online_only,"Free_local_listings,Local_inventory_ads"
28040,до-20,online_only,"Free_local_listings,Local_inventory_ads"
Золото блиск.,до-20,online_only,"Free_local_listings,Local_inventory_ads"
27233,до-20,online_only,"Free_local_listings,Local_inventory_ads"
28034,до-20,online_only,"Free_local_listings,Local_inventory_ads"
ВА-2586,до-20,online_only,"Free_local_listings,Local_inventory_ads"
№12/125В,100-200,online_only,"Free_local_listings,Local_inventory_ads"
091300,50-100,online_only,"Free_local_listings,Local_inventory_ads"
194272,50-100,online_only,"Free_local_listings,Local_inventory_ads"
золотая 2.2 см.,до-20,online_only,"Free_local_listings,Local_inventory_ads"
№73,20-50,online_only,"Free_local_listings,Local_inventory_ads"
28252,50-100,online_only,"Free_local_listings,Local_inventory_ads"
430-8,50-100,online_only,"Free_local_listings,Local_inventory_ads"
3830 прозора,100-200,online_only,"Free_local_listings,Local_inventory_ads"
Біло-блакитний,50-100,online_only,"Free_local_listings,Local_inventory_ads"
ТХ-5785 S,20-50,online_only,"Free_local_listings,Local_inventory_ads"
28264,50-100,online_only,"Free_local_listings,Local_inventory_ads"
215311,до-20,online_only,"Free_local_listings,Local_inventory_ads"
№10,100-200,online_only,"Free_local_listings,Local_inventory_ads"
180589,до-20,online_only,"Free_local_listings,Local_inventory_ads"
39-7 срібло,до-20,online_only,"Free_local_listings,Local_inventory_ads"
1 рік Хлопчику. Ведмежа,до-20,online_only,"Free_local_listings,Local_inventory_ads"
062261,100-200,online_only,"Free_local_listings,Local_inventory_ads"
217513,до-20,online_only,"Free_local_listings,Local_inventory_ads"
KR-5,50-100,online_only,"Free_local_listings,Local_inventory_ads"
12/25,до-20,online_only,"Free_local_listings,Local_inventory_ads"
Бензин,до-20,online_only,"Free_local_listings,Local_inventory_ads"
№ 7,до-20,online_only,"Free_local_listings,Local_inventory_ads"
SVT-024,20-50,online_only,"Free_local_listings,Local_inventory_ads"
27244,100-200,online_only,"Free_local_listings,Local_inventory_ads"
28020,до-20,online_only,"Free_local_listings,Local_inventory_ads"
28239,200+,online_only,"Free_local_listings,Local_inventory_ads"
216905,100-200,online_only,"Free_local_listings,Local_inventory_ads"
210552,20-50,online_only,"Free_local_listings,Local_inventory_ads"
111030,20-50,online_only,"Free_local_listings,Local_inventory_ads"
Бандана горох,20-50,online_only,"Free_local_listings,Local_inventory_ads"
211481,до-20,online_only,"Free_local_listings,Local_inventory_ads"
03,до-20,online_only,"Free_local_listings,Local_inventory_ads"
611610,до-20,online_only,"Free_local_listings,Local_inventory_ads"
Кольоровий 0.40 мм.,20-50,online_only,"Free_local_listings,Local_inventory_ads"
28191,до-20,online_only,"Free_local_listings,Local_inventory_ads"
210422,100-200,online_only,"Free_local_listings,Local_inventory_ads"
Герб,100-200,online_only,"Free_local_listings,Local_inventory_ads"
Смугасті 30-ка 4 см.,до-20,online_only,"Free_local_listings,Local_inventory_ads"
З шипами,до-20,online_only,"Free_local_listings,Local_inventory_ads"
ВВ-4146,до-20,online_only,"Free_local_listings,Local_inventory_ads"
28238,200+,online_only,"Free_local_listings,Local_inventory_ads"
Коричнева,20-50,online_only,"Free_local_listings,Local_inventory_ads"
№ 4,до-20,online_only,"Free_local_listings,Local_inventory_ads"
№12/27В,100-200,online_only,"Free_local_listings,Local_inventory_ads"
Біла №10,до-20,online_only,"Free_local_listings,Local_inventory_ads"
№17,100-200,online_only,"Free_local_listings,Local_inventory_ads"
М'ята CA М'ята,50-100,online_only,"Free_local_listings,Local_inventory_ads"
49859,100-200,online_only,"Free_local_listings,Local_inventory_ads"
№30 Чорні,до-20,online_only,"Free_local_listings,Local_inventory_ads"
СА Зелена,50-100,online_only,"Free_local_listings,Local_inventory_ads"
Коричнева 5 см.,до-20,online_only,"Free_local_listings,Local_inventory_ads"
Гафре бузкова,до-20,online_only,"Free_local_listings,Local_inventory_ads"
2/47 рожево-бузковий,50-100,online_only,"Free_local_listings,Local_inventory_ads"
2500,100-200,online_only,"Free_local_listings,Local_inventory_ads"
307 6.5 см.,до-20,online_only,"Free_local_listings,Local_inventory_ads"
188110 Бант б.,до-20,online_only,"Free_local_listings,Local_inventory_ads"
RET11,50-100,online_only,"Free_local_listings,Local_inventory_ads"
173227 хром,50-100,online_only,"Free_local_listings,Local_inventory_ads"
27124,до-20,online_only,"Free_local_listings,Local_inventory_ads"
27920,до-20,online_only,"Free_local_listings,Local_inventory_ads"
28241,200+,online_only,"Free_local_listings,Local_inventory_ads"
ВВ-8317,20-50,online_only,"Free_local_listings,Local_inventory_ads"
7884В-5,20-50,online_only,"Free_local_listings,Local_inventory_ads"
108330,20-50,online_only,"Free_local_listings,Local_inventory_ads"
Прозора,до-20,online_only,"Free_local_listings,Local_inventory_ads"
27479,до-20,online_only,"Free_local_listings,Local_inventory_ads"
Червона,50-100,online_only,"Free_local_listings,Local_inventory_ads"
213461 чорний,50-100,online_only,"Free_local_listings,Local_inventory_ads"
091302,50-100,online_only,"Free_local_listings,Local_inventory_ads"
980,100-200,online_only,"Free_local_listings,Local_inventory_ads"
№7(3)С,до-20,online_only,"Free_local_listings,Local_inventory_ads"
Темно-коричнева.,до-20,online_only,"Free_local_listings,Local_inventory_ads"
BR-10,20-50,online_only,"Free_local_listings,Local_inventory_ads"
Квадрат кольо.,до-20,online_only,"Free_local_listings,Local_inventory_ads"
Чорні,до-20,online_only,"Free_local_listings,Local_inventory_ads"
Жовто-блакитні. Стрічка.,до-20,online_only,"Free_local_listings,Local_inventory_ads"
Sinuoni 5 см.,до-20,online_only,"Free_local_listings,Local_inventory_ads"
№7 рожеві,до-20,online_only,"Free_local_listings,Local_inventory_ads"
22838,50-100,online_only,"Free_local_listings,Local_inventory_ads"
ММ-4,20-50,online_only,"Free_local_listings,Local_inventory_ads"
12/0 № 18,20-50,online_only,"Free_local_listings,Local_inventory_ads"
210392,100-200,online_only,"Free_local_listings,Local_inventory_ads"
А 31,50-100,online_only,"Free_local_listings,Local_inventory_ads"
Троянда кольорова,20-50,online_only,"Free_local_listings,Local_inventory_ads"
201499,100-200,online_only,"Free_local_listings,Local_inventory_ads"
1/24,50-100,online_only,"Free_local_listings,Local_inventory_ads"
№12/21,100-200,online_only,"Free_local_listings,Local_inventory_ads"
№7,100-200,online_only,"Free_local_listings,Local_inventory_ads"
ALEKSANDRA.,до-20,online_only,"Free_local_listings,Local_inventory_ads"
Квіточка біл.,до-20,online_only,"Free_local_listings,Local_inventory_ads"
Y 15,20-50,online_only,"Free_local_listings,Local_inventory_ads"
28263,100-200,online_only,"Free_local_listings,Local_inventory_ads"
217322,20-50,online_only,"Free_local_listings,Local_inventory_ads"
217469,до-20,online_only,"Free_local_listings,Local_inventory_ads"
ВВ-176,20-50,online_only,"Free_local_listings,Local_inventory_ads"
№12/143,100-200,online_only,"Free_local_listings,Local_inventory_ads"
202267,до-20,online_only,"Free_local_listings,Local_inventory_ads"
Ромб кольоровий,до-20,online_only,"Free_local_listings,Local_inventory_ads"
28150,50-100,online_only,"Free_local_listings,Local_inventory_ads"
"G 90/10"" Червоний.",до-20,online_only,"Free_local_listings,Local_inventory_ads"
20060404,20-50,online_only,"Free_local_listings,Local_inventory_ads"
27275,100-200,online_only,"Free_local_listings,Local_inventory_ads"
26220,100-200,online_only,"Free_local_listings,Local_inventory_ads"
Яблуко),20-50,online_only,"Free_local_listings,Local_inventory_ads"
27364,200+,online_only,"Free_local_listings,Local_inventory_ads"
Чорні 30-ка 4 см.,до-20,online_only,"Free_local_listings,Local_inventory_ads"
GB1129-15-4B,до-20,online_only,"Free_local_listings,Local_inventory_ads"
1028,100-200,online_only,"Free_local_listings,Local_inventory_ads"
12/0 № 544,20-50,online_only,"Free_local_listings,Local_inventory_ads"
26213,до-20,online_only,"Free_local_listings,Local_inventory_ads"
Затискач-брошка.,до-20,online_only,"Free_local_listings,Local_inventory_ads"
9114,20-50,online_only,"Free_local_listings,Local_inventory_ads"
20061029 Коричневі,до-20,online_only,"Free_local_listings,Local_inventory_ads"
28190,до-20,online_only,"Free_local_listings,Local_inventory_ads"
8581N,50-100,online_only,"Free_local_listings,Local_inventory_ads"
Бантики,50-100,online_only,"Free_local_listings,Local_inventory_ads"
В4023-1А,до-20,online_only,"Free_local_listings,Local_inventory_ads"
28022,до-20,online_only,"Free_local_listings,Local_inventory_ads"
SE-3-2-4,до-20,online_only,"Free_local_listings,Local_inventory_ads"
Салатовый,50-100,online_only,"Free_local_listings,Local_inventory_ads"
Стріла мокко,до-20,online_only,"Free_local_listings,Local_inventory_ads"
47183,50-100,online_only,"Free_local_listings,Local_inventory_ads"
217285,до-20,online_only,"Free_local_listings,Local_inventory_ads"
211306,до-20,online_only,"Free_local_listings,Local_inventory_ads"
М41 Білий матовий,100-200,online_only,"Free_local_listings,Local_inventory_ads"
Жовто-блакитні,до-20,online_only,"Free_local_listings,Local_inventory_ads"
207293,до-20,online_only,"Free_local_listings,Local_inventory_ads"
Тедді,50-100,online_only,"Free_local_listings,Local_inventory_ads"
198829 срібло.,20-50,online_only,"Free_local_listings,Local_inventory_ads"
№7(2) мокко,до-20,online_only,"Free_local_listings,Local_inventory_ads"
28207,100-200,online_only,"Free_local_listings,Local_inventory_ads"
TIK47-11,до-20,online_only,"Free_local_listings,Local_inventory_ads"
101362 Біла широка,до-20,online_only,"Free_local_listings,Local_inventory_ads"
GA 3074-16 А Глянсова,до-20,online_only,"Free_local_listings,Local_inventory_ads"
0220,20-50,online_only,"Free_local_listings,Local_inventory_ads"
193237,50-100,online_only,"Free_local_listings,Local_inventory_ads"
В52 Вогненно-жовтий,50-100,online_only,"Free_local_listings,Local_inventory_ads"
50-4 Великі,20-50,online_only,"Free_local_listings,Local_inventory_ads"
165920,100-200,online_only,"Free_local_listings,Local_inventory_ads"
А 24,50-100,online_only,"Free_local_listings,Local_inventory_ads"
RDM47-91,до-20,online_only,"Free_local_listings,Local_inventory_ads"
194029 сріб.,50-100,online_only,"Free_local_listings,Local_inventory_ads"
203615,до-20,online_only,"Free_local_listings,Local_inventory_ads"
28089,50-100,online_only,"Free_local_listings,Local_inventory_ads"
№100 Мала Чорна,до-20,online_only,"Free_local_listings,Local_inventory_ads"
Куромі у коробочці.,до-20,online_only,"Free_local_listings,Local_inventory_ads"
Чорна.,до-20,online_only,"Free_local_listings,Local_inventory_ads"
Merry Christmas,20-50,online_only,"Free_local_listings,Local_inventory_ads"
64(7),20-50,online_only,"Free_local_listings,Local_inventory_ads"
Коричневый,50-100,online_only,"Free_local_listings,Local_inventory_ads"
20060374,до-20,online_only,"Free_local_listings,Local_inventory_ads"
№173,20-50,online_only,"Free_local_listings,Local_inventory_ads"
216592,50-100,online_only,"Free_local_listings,Local_inventory_ads"
Квіточка.,до-20,online_only,"Free_local_listings,Local_inventory_ads"
30402 Р,до-20,online_only,"Free_local_listings,Local_inventory_ads"
В 45,50-100,online_only,"Free_local_listings,Local_inventory_ads"
28026,до-20,online_only,"Free_local_listings,Local_inventory_ads"
7884В-4,20-50,online_only,"Free_local_listings,Local_inventory_ads"
2-Бузково-м'ятна,50-100,online_only,"Free_local_listings,Local_inventory_ads"
983,100-200,online_only,"Free_local_listings,Local_inventory_ads"
ВВ-4002,20-50,online_only,"Free_local_listings,Local_inventory_ads"
25707,50-100,online_only,"Free_local_listings,Local_inventory_ads"
1 / 10,50-100,online_only,"Free_local_listings,Local_inventory_ads"
Теплийй 100 ламп,50-100,online_only,"Free_local_listings,Local_inventory_ads"
В 43,50-100,online_only,"Free_local_listings,Local_inventory_ads"
В 23,20-50,online_only,"Free_local_listings,Local_inventory_ads"
Білий 200 ламп,100-200,online_only,"Free_local_listings,Local_inventory_ads"
Білий 4 см.,до-20,online_only,"Free_local_listings,Local_inventory_ads"
41662,50-100,online_only,"Free_local_listings,Local_inventory_ads"
Прозорі,до-20,online_only,"Free_local_listings,Local_inventory_ads"
26212,до-20,online_only,"Free_local_listings,Local_inventory_ads"
Серце зол.,50-100,online_only,"Free_local_listings,Local_inventory_ads"
Затискач,100-200,online_only,"Free_local_listings,Local_inventory_ads"
39-8 Золоті,до-20,online_only,"Free_local_listings,Local_inventory_ads"
Коричневий,100-200,online_only,"Free_local_listings,Local_inventory_ads"
АА29-4,до-20,online_only,"Free_local_listings,Local_inventory_ads"
186468,100-200,online_only,"Free_local_listings,Local_inventory_ads"
3023 Х,50-100,online_only,"Free_local_listings,Local_inventory_ads"
Бісквіт,50-100,online_only,"Free_local_listings,Local_inventory_ads"
12/0 № 43,20-50,online_only,"Free_local_listings,Local_inventory_ads"
26484,100-200,online_only,"Free_local_listings,Local_inventory_ads"
572,50-100,online_only,"Free_local_listings,Local_inventory_ads"
2318,до-20,online_only,"Free_local_listings,Local_inventory_ads"
199918,до-20,online_only,"Free_local_listings,Local_inventory_ads"
Глянсова мала,до-20,online_only,"Free_local_listings,Local_inventory_ads"
№50 Робок Білі,до-20,online_only,"Free_local_listings,Local_inventory_ads"
190427,до-20,online_only,"Free_local_listings,Local_inventory_ads"
217438,до-20,online_only,"Free_local_listings,Local_inventory_ads"
G 1527-19-10D,до-20,online_only,"Free_local_listings,Local_inventory_ads"
№12/56,100-200,online_only,"Free_local_listings,Local_inventory_ads"
207927,20-50,online_only,"Free_local_listings,Local_inventory_ads"
209310,50-100,online_only,"Free_local_listings,Local_inventory_ads"
Зелений АВС,100-200,online_only,"Free_local_listings,Local_inventory_ads"
1874,до-20,online_only,"Free_local_listings,Local_inventory_ads"
№12 Біла велика,до-20,online_only,"Free_local_listings,Local_inventory_ads"
T12R,до-20,online_only,"Free_local_listings,Local_inventory_ads"
17 тх-36,до-20,online_only,"Free_local_listings,Local_inventory_ads"
27800,до-20,online_only,"Free_local_listings,Local_inventory_ads"
47-5,50-100,online_only,"Free_local_listings,Local_inventory_ads"
Біла у коробочці.,до-20,online_only,"Free_local_listings,Local_inventory_ads"
Чорно-білі,до-20,online_only,"Free_local_listings,Local_inventory_ads"
213447 хром,50-100,online_only,"Free_local_listings,Local_inventory_ads"
207200,до-20,online_only,"Free_local_listings,Local_inventory_ads"
28214,100-200,online_only,"Free_local_listings,Local_inventory_ads"
6/0 35,100-200,online_only,"Free_local_listings,Local_inventory_ads"
Синя,200+,online_only,"Free_local_listings,Local_inventory_ads"
№ 100 біла.,до-20,online_only,"Free_local_listings,Local_inventory_ads"
Банан металевий з пружиною.,100-200,online_only,"Free_local_listings,Local_inventory_ads"
64(6) беж,20-50,online_only,"Free_local_listings,Local_inventory_ads"
110464,100-200,online_only,"Free_local_listings,Local_inventory_ads"
АА 20 Кольорові світлі,до-20,online_only,"Free_local_listings,Local_inventory_ads"
№ 12/28,100-200,online_only,"Free_local_listings,Local_inventory_ads"
8200,до-20,online_only,"Free_local_listings,Local_inventory_ads"
ВА-3097,до-20,online_only,"Free_local_listings,Local_inventory_ads"
TR1,до-20,online_only,"Free_local_listings,Local_inventory_ads"
3828 прозора,50-100,online_only,"Free_local_listings,Local_inventory_ads"
ВВ-3883,20-50,online_only,"Free_local_listings,Local_inventory_ads"
28153,200+,online_only,"Free_local_listings,Local_inventory_ads"
Срібний,100-200,online_only,"Free_local_listings,Local_inventory_ads"
165678 Чорний,50-100,online_only,"Free_local_listings,Local_inventory_ads"
65(4),20-50,online_only,"Free_local_listings,Local_inventory_ads"
Асорті 3.5-2.5,до-20,online_only,"Free_local_listings,Local_inventory_ads"
24373,до-20,online_only,"Free_local_listings,Local_inventory_ads"
64(5),20-50,online_only,"Free_local_listings,Local_inventory_ads"
27274,100-200,online_only,"Free_local_listings,Local_inventory_ads"
6/0 25,до-20,online_only,"Free_local_listings,Local_inventory_ads"
6/0 150,до-20,online_only,"Free_local_listings,Local_inventory_ads"
6/0 147,100-200,online_only,"Free_local_listings,Local_inventory_ads"
чорно-білі,до-20,online_only,"Free_local_listings,Local_inventory_ads"
ВВ-42-81,20-50,online_only,"Free_local_listings,Local_inventory_ads"
Шпилька 8 см.,до-20,online_only,"Free_local_listings,Local_inventory_ads"
860,100-200,online_only,"Free_local_listings,Local_inventory_ads"
RDM46-3,до-20,online_only,"Free_local_listings,Local_inventory_ads"
2423,до-20,online_only,"Free_local_listings,Local_inventory_ads"
207309,до-20,online_only,"Free_local_listings,Local_inventory_ads"
779,20-50,online_only,"Free_local_listings,Local_inventory_ads"
РК-5,100-200,online_only,"Free_local_listings,Local_inventory_ads"
212792,до-20,online_only,"Free_local_listings,Local_inventory_ads"
108385,до-20,online_only,"Free_local_listings,Local_inventory_ads"
061950,200+,online_only,"Free_local_listings,Local_inventory_ads"
186482 чорний мат.,100-200,online_only,"Free_local_listings,Local_inventory_ads"
199826,до-20,online_only,"Free_local_listings,Local_inventory_ads"
Лососивий.,100-200,online_only,"Free_local_listings,Local_inventory_ads"
33 тх-36,до-20,online_only,"Free_local_listings,Local_inventory_ads"
Метелики,20-50,online_only,"Free_local_listings,Local_inventory_ads"
12/0 № 555,20-50,online_only,"Free_local_listings,Local_inventory_ads"
430-6,50-100,online_only,"Free_local_listings,Local_inventory_ads"
Квіточка кольо.,до-20,online_only,"Free_local_listings,Local_inventory_ads"
s-4 чорні матові,до-20,online_only,"Free_local_listings,Local_inventory_ads"
193855 Глянець,100-200,online_only,"Free_local_listings,Local_inventory_ads"
матова срібло,50-100,online_only,"Free_local_listings,Local_inventory_ads"
215298,до-20,online_only,"Free_local_listings,Local_inventory_ads"
Дві квітки,50-100,online_only,"Free_local_listings,Local_inventory_ads"
А-37 коричневий,50-100,online_only,"Free_local_listings,Local_inventory_ads"
27069,до-20,online_only,"Free_local_listings,Local_inventory_ads"
Коричнева.2006 0701,до-20,online_only,"Free_local_listings,Local_inventory_ads"
211276,до-20,online_only,"Free_local_listings,Local_inventory_ads"
188103,до-20,online_only,"Free_local_listings,Local_inventory_ads"
Бантик 3 см.,до-20,online_only,"Free_local_listings,Local_inventory_ads"
091348,50-100,online_only,"Free_local_listings,Local_inventory_ads"
Срібна 7 см.,до-20,online_only,"Free_local_listings,Local_inventory_ads"
1256,100-200,online_only,"Free_local_listings,Local_inventory_ads"
154344 чорна-велика,до-20,online_only,"Free_local_listings,Local_inventory_ads"
А 80/80,до-20,online_only,"Free_local_listings,Local_inventory_ads"
64791,100-200,online_only,"Free_local_listings,Local_inventory_ads"
26628,до-20,online_only,"Free_local_listings,Local_inventory_ads"
Довга плоска 8.5 см.,до-20,online_only,"Free_local_listings,Local_inventory_ads"
Зі стразами метелик 6 см.,50-100,online_only,"Free_local_listings,Local_inventory_ads"
Ассорти,до-20,online_only,"Free_local_listings,Local_inventory_ads"
6/0 21,100-200,online_only,"Free_local_listings,Local_inventory_ads"
2.2 см. 6 м.(50 LED) Кулька,200+,online_only,"Free_local_listings,Local_inventory_ads"
ВВ-4119,20-50,online_only,"Free_local_listings,Local_inventory_ads"
27241,100-200,online_only,"Free_local_listings,Local_inventory_ads"
Рожеві 30 шт.,до-20,online_only,"Free_local_listings,Local_inventory_ads"
Тік-так асорті. жовтий.,до-20,online_only,"Free_local_listings,Local_inventory_ads"
P 9 L,100-200,online_only,"Free_local_listings,Local_inventory_ads"
LOVE,до-20,online_only,"Free_local_listings,Local_inventory_ads"
26697,до-20,online_only,"Free_local_listings,Local_inventory_ads"
Червона панама,50-100,online_only,"Free_local_listings,Local_inventory_ads"
4027,до-20,online_only,"Free_local_listings,Local_inventory_ads"
Біла.,до-20,online_only,"Free_local_listings,Local_inventory_ads"
А 60,до-20,online_only,"Free_local_listings,Local_inventory_ads"
А 29,50-100,online_only,"Free_local_listings,Local_inventory_ads"
Бантик чорн.,до-20,online_only,"Free_local_listings,Local_inventory_ads"
28132,200+,online_only,"Free_local_listings,Local_inventory_ads"
28154,до-20,online_only,"Free_local_listings,Local_inventory_ads"
2501В,до-20,online_only,"Free_local_listings,Local_inventory_ads"
Стрази,50-100,online_only,"Free_local_listings,Local_inventory_ads"
матова хром,50-100,online_only,"Free_local_listings,Local_inventory_ads"
Робок 50шт. Кольорова-темна.,до-20,online_only,"Free_local_listings,Local_inventory_ads"
Іграшки з ДВП,до-20,online_only,"Free_local_listings,Local_inventory_ads"
40-92,до-20,online_only,"Free_local_listings,Local_inventory_ads"
6/0 29 В,100-200,online_only,"Free_local_listings,Local_inventory_ads"
6/0 29В,до-20,online_only,"Free_local_listings,Local_inventory_ads"
7.5 см.цв.,до-20,online_only,"Free_local_listings,Local_inventory_ads"
11061,100-200,online_only,"Free_local_listings,Local_inventory_ads"
Крапля,до-20,online_only,"Free_local_listings,Local_inventory_ads"
Серце,20-50,online_only,"Free_local_listings,Local_inventory_ads"
СА Фіолетова,50-100,online_only,"Free_local_listings,Local_inventory_ads"
159905,до-20,online_only,"Free_local_listings,Local_inventory_ads"
186475,100-200,online_only,"Free_local_listings,Local_inventory_ads"
27897,до-20,online_only,"Free_local_listings,Local_inventory_ads"
27528,200+,online_only,"Free_local_listings,Local_inventory_ads"
188141 Квіточка ч.,до-20,online_only,"Free_local_listings,Local_inventory_ads"
25156,100-200,online_only,"Free_local_listings,Local_inventory_ads"
27938,до-20,online_only,"Free_local_listings,Local_inventory_ads"
Р45-5 Клевер,20-50,online_only,"Free_local_listings,Local_inventory_ads"
8592А,20-50,online_only,"Free_local_listings,Local_inventory_ads"
обруч із перлинками.,100-200,online_only,"Free_local_listings,Local_inventory_ads"
34770,100-200,online_only,"Free_local_listings,Local_inventory_ads"
28073,50-100,online_only,"Free_local_listings,Local_inventory_ads"
№6,20-50,online_only,"Free_local_listings,Local_inventory_ads"
Чорна,50-100,online_only,"Free_local_listings,Local_inventory_ads"
матова коричнева,50-100,online_only,"Free_local_listings,Local_inventory_ads"
46476,100-200,online_only,"Free_local_listings,Local_inventory_ads"
1240,100-200,online_only,"Free_local_listings,Local_inventory_ads"
50-64,20-50,online_only,"Free_local_listings,Local_inventory_ads"
BKR-8,20-50,online_only,"Free_local_listings,Local_inventory_ads"
К-4,100-200,online_only,"Free_local_listings,Local_inventory_ads"
Червона стрічка.,100-200,online_only,"Free_local_listings,Local_inventory_ads"
ВА-3096,до-20,online_only,"Free_local_listings,Local_inventory_ads"
глянець рожева,50-100,online_only,"Free_local_listings,Local_inventory_ads"
217599,до-20,online_only,"Free_local_listings,Local_inventory_ads"
210354,100-200,online_only,"Free_local_listings,Local_inventory_ads"
Трикутна,20-50,online_only,"Free_local_listings,Local_inventory_ads"
Малютка коричнева 2 см.,до-20,online_only,"Free_local_listings,Local_inventory_ads"
27210,до-20,online_only,"Free_local_listings,Local_inventory_ads"
50-73 хамелеон подвійний,50-100,online_only,"Free_local_listings,Local_inventory_ads"
MY 81915,до-20,online_only,"Free_local_listings,Local_inventory_ads"
1031,100-200,online_only,"Free_local_listings,Local_inventory_ads"
Чорна на планшетці 6 см.,до-20,online_only,"Free_local_listings,Local_inventory_ads"
24631,20-50,online_only,"Free_local_listings,Local_inventory_ads"
199734 срібло,20-50,online_only,"Free_local_listings,Local_inventory_ads"
1 рік Дівчинки.Медвежа,до-20,online_only,"Free_local_listings,Local_inventory_ads"
173291 С,50-100,online_only,"Free_local_listings,Local_inventory_ads"
28120,100-200,online_only,"Free_local_listings,Local_inventory_ads"
к-127,200+,online_only,"Free_local_listings,Local_inventory_ads"
12/0 № 548,20-50,online_only,"Free_local_listings,Local_inventory_ads"
Робок 50шт. Кольорова,до-20,online_only,"Free_local_listings,Local_inventory_ads"
27717,100-200,online_only,"Free_local_listings,Local_inventory_ads"
Довга матова 8.5 см.,до-20,online_only,"Free_local_listings,Local_inventory_ads"
45-1,20-50,online_only,"Free_local_listings,Local_inventory_ads"
34725,100-200,online_only,"Free_local_listings,Local_inventory_ads"
Голуба,50-100,online_only,"Free_local_listings,Local_inventory_ads"
Дзвіночок,50-100,online_only,"Free_local_listings,Local_inventory_ads"
ВВ-3671,20-50,online_only,"Free_local_listings,Local_inventory_ads"
№30 Яскраві,до-20,online_only,"Free_local_listings,Local_inventory_ads"
22-17,50-100,online_only,"Free_local_listings,Local_inventory_ads"
ВА-4033 Ланцюжок,до-20,online_only,"Free_local_listings,Local_inventory_ads"
1027,100-200,online_only,"Free_local_listings,Local_inventory_ads"
216714,50-100,online_only,"Free_local_listings,Local_inventory_ads"
12/0 123,100-200,online_only,"Free_local_listings,Local_inventory_ads"
