id,name,slug,url,seo_title,seo_description,h1,image
156,Аксесуари для волосся оптом.,aksesuari-dlya-volossya-optom/,https://kristallik.com.ua/catalog/156/aksesuari-dlya-volossya-optom/,Аксесуари для волосся оптом | Kristallik,Купіть аксесуари для волосся оптом на Kristallik. Великий вибір за найкращими оптовими цінами в Україні. Доставка по всій країні. Замовляйте прямо зараз!,Аксесуари для волосся оптом.,https://cdn.gomw.co/a/zq21/lk54/27/2_200x.png
174,Заколка для волос Тік-так оптом,zakolka-dlya-volos-tik-tak-optom/,https://kristallik.com.ua/catalog/174/zakolka-dlya-volos-tik-tak-optom/,Заколка для волос Тік-так оптом,,Заколка для волос Тік-так оптом,https://cdn.gomw.co/a/zq21/lk54/27/2_200x.png
176,Шпильки для волосся оптом.,shpil-ki-dlya-volossya-optom/,https://kristallik.com.ua/catalog/176/shpil-ki-dlya-volossya-optom/,Шпильки для волосся оптом.,,Шпильки для волосся оптом.,https://cdn.gomw.co/a/zq21/lk54/27/2_200x.png
179,Обручі для волосся оптом.,obruchi-dlya-volossya-optom/,https://kristallik.com.ua/catalog/179/obruchi-dlya-volossya-optom/,Обручі для волосся оптом.,,Обручі для волосся оптом.,https://cdn.gomw.co/a/zq21/lk54/27/2_200x.png
180,Резинки для волосся оптом.,rezinki-dlya-volossya-optom/,https://kristallik.com.ua/catalog/180/rezinki-dlya-volossya-optom/,Резинки для волосся оптом.,,Резинки для волосся оптом.,https://cdn.gomw.co/a/zq21/lk54/27/2_200x.png
181,Резинки для волосся з камінням оптом.,rezinki-dlya-volossya-z-kaminnyam-optom/,https://kristallik.com.ua/catalog/181/rezinki-dlya-volossya-z-kaminnyam-optom/,Резинки для волосся з камінням оптом.,,Резинки для волосся з камінням оптом.,https://cdn.gomw.co/a/zq21/lk54/27/2_200x.png
182,"Резинки для волосся, тонкі оптом.",rezinki-dlya-volossya-tonki-optom/,https://kristallik.com.ua/catalog/182/rezinki-dlya-volossya-tonki-optom/,"Резинки для волосся, тонкі оптом.",,"Резинки для волосся, тонкі оптом.",https://cdn.gomw.co/a/zq21/lk54/27/2_200x.png
183,Дитячі резинки для волосся оптом.,dityachi-rezinki-dlya-volossya-optom/,https://kristallik.com.ua/catalog/183/dityachi-rezinki-dlya-volossya-optom/,Дитячі резинки для волосся оптом — купити в Україні,Дитячі резинки для волосся оптом з найкращими цінами. Великий вибір резинок для дівчаток. Оптовий продаж аксесуарів для волосся. Замовте на Kristallik,Дитячі резинки для волосся оптом.,https://cdn.gomw.co/a/zq21/lk54/27/2_200x.png
184,Краби для волосся оптом.,krabi-dlya-volossya-optom/,https://kristallik.com.ua/catalog/184/krabi-dlya-volossya-optom/,Краби для волосся оптом - купити в Україні | Kristallik,"Краби для волосся оптом за найкращими цінами в Україні. Великий вибір якісних аксесуарів для волосся. Оптові ціни, доставка по всій країні Замовте на kristallik",Краби для волосся оптом.,https://cdn.gomw.co/a/zq21/lk54/27/2_200x.png
185,Краби для волосся. Метал-пластик-стрази оптом.,krabi-dlya-volossya-metal-plastik-strazi-optom/,https://kristallik.com.ua/catalog/185/krabi-dlya-volossya-metal-plastik-strazi-optom/,Краби для волосся. Метал-пластик-стрази оптом.,,Краби для волосся. Метал-пластик-стрази оптом.,https://cdn.gomw.co/a/zq21/lk54/27/2_200x.png
186,Бантики для волосся оптом.,bantiki-dlya-volossya-optom/,https://kristallik.com.ua/catalog/186/bantiki-dlya-volossya-optom/,Бантики для волосся оптом.,,Бантики для волосся оптом.,https://cdn.gomw.co/a/zq21/lk54/27/2_200x.png
187,Резинки для волосся&quot; Barbi&quot; оптом,rezinki-dlya-volossya-barbi-optom/,https://kristallik.com.ua/catalog/187/rezinki-dlya-volossya-barbi-optom/,Резинки для волосся&quot; Barbi&quot; оптом,,Резинки для волосся&quot; Barbi&quot; оптом,https://cdn.gomw.co/a/zq21/lk54/27/2_200x.png
188,Затискач для волосся оптом,zatiskach-dlya-volossya-optom/,https://kristallik.com.ua/catalog/188/zatiskach-dlya-volossya-optom/,Затискач для волосся оптом,,Затискач для волосся оптом,https://cdn.gomw.co/a/zq21/lk54/27/2_200x.png
189,Застібка на чубчик оптом,zastibka-na-chubchik-optom/,https://kristallik.com.ua/catalog/189/zastibka-na-chubchik-optom/,Застібка на чубчик оптом,,Застібка на чубчик оптом,https://cdn.gomw.co/a/zq21/lk54/27/2_200x.png
190,Заколка для волосся. Автоматична оптом,zakolka-dlya-volossya-avtomatichna-optom/,https://kristallik.com.ua/catalog/190/zakolka-dlya-volossya-avtomatichna-optom/,Заколка для волосся. Автоматична оптом,,Заколка для волосся. Автоматична оптом,https://cdn.gomw.co/a/zq21/lk54/27/2_200x.png
191,Пов&#039;язки для волосся оптом.,povyazki-dlya-volossya-optom/,https://kristallik.com.ua/catalog/191/povyazki-dlya-volossya-optom/,Пов&#039;язки для волосся оптом.,,Пов&#039;язки для волосся оптом.,https://cdn.gomw.co/a/zq21/lk54/27/2_200x.png
193,Гребінці для волосся оптом,grebinci-dlya-volossya-optom/,https://kristallik.com.ua/catalog/193/grebinci-dlya-volossya-optom/,Гребінці для волосся оптом,,Гребінці для волосся оптом,https://cdn.gomw.co/a/zq21/lk54/27/2_200x.png
194,Діадеми оптом,diademi-optom/,https://kristallik.com.ua/catalog/194/diademi-optom/,Діадеми оптом,,Діадеми оптом,https://cdn.gomw.co/a/zq21/lk54/27/2_200x.png
195,Сіточки для волосся оптом.,sitochki-dlya-volossya-optom/,https://kristallik.com.ua/catalog/195/sitochki-dlya-volossya-optom/,Сіточки для волосся оптом.,,Сіточки для волосся оптом.,https://cdn.gomw.co/a/zq21/lk54/27/2_200x.png
196,Вкрутки для волосся оптом,vkrutki-dlya-volossya-optom/,https://kristallik.com.ua/catalog/196/vkrutki-dlya-volossya-optom/,Вкрутки для волосся оптом,,Вкрутки для волосся оптом,https://cdn.gomw.co/a/zq21/lk54/27/2_200x.png
197,Заготівлі оптом,zagotivli-optom/,https://kristallik.com.ua/catalog/197/zagotivli-optom/,Заготівлі оптом,,Заготівлі оптом,https://cdn.gomw.co/a/zq21/lk54/27/2_200x.png
198,Твистер для волосся оптом.,tvister-dlya-volossya-optom/,https://kristallik.com.ua/catalog/198/tvister-dlya-volossya-optom/,Твистер для волосся оптом.,,Твистер для волосся оптом.,https://cdn.gomw.co/a/zq21/lk54/27/2_200x.png
199,Кільця оптом.,kil-cya-optom/,https://kristallik.com.ua/catalog/199/kil-cya-optom/,Кільця оптом.,,Кільця оптом.,https://cdn.gomw.co/a/zq21/lk54/27/2_200x.png
200,Повітряні кульки оптом.,povitryani-kul-ki-optom/,https://kristallik.com.ua/catalog/200/povitryani-kul-ki-optom/,Повітряні кульки оптом.,,Повітряні кульки оптом.,https://cdn.gomw.co/a/zq21/lk54/27/2_200x.png
212,Дитячі набори оптом.,dityachi-nabori-optom/,https://kristallik.com.ua/catalog/212/dityachi-nabori-optom/,Дитячі набори оптом.,,Дитячі набори оптом.,https://cdn.gomw.co/a/zq21/lk54/27/2_200x.png
213,Дитяча біжутерія оптом.,dityacha-bizhuteriya-optom/,https://kristallik.com.ua/catalog/213/dityacha-bizhuteriya-optom/,Дитяча біжутерія оптом.,,Дитяча біжутерія оптом.,https://cdn.gomw.co/a/zq21/lk54/27/2_200x.png
215,Дитячі заколки Тик-Так оптом.,dityachi-zakolki-tik-tak-optom/,https://kristallik.com.ua/catalog/215/dityachi-zakolki-tik-tak-optom/,Дитячі заколки Тик-Так оптом.,,Дитячі заколки Тик-Так оптом.,https://cdn.gomw.co/a/zq21/lk54/27/2_200x.png
217,Дитячі обручі для волосся оптом.,dityachi-obruchi-dlya-volossya-optom/,https://kristallik.com.ua/catalog/217/dityachi-obruchi-dlya-volossya-optom/,Дитячі обручі для волосся оптом.,,Дитячі обручі для волосся оптом.,https://cdn.gomw.co/a/zq21/lk54/27/2_200x.png
227,Дитячі крабики для волосся.,dityachi-krabiki-dlya-volossya/,https://kristallik.com.ua/catalog/227/dityachi-krabiki-dlya-volossya/,Дитячі крабики для волосся.,,Дитячі крабики для волосся.,https://cdn.gomw.co/a/zq21/lk54/27/2_200x.png
228,Дитячі пов&#039;язки для волосся.,dityachi-povyazki-dlya-volossya/,https://kristallik.com.ua/catalog/228/dityachi-povyazki-dlya-volossya/,Дитячі пов&#039;язки для волосся.,,Дитячі пов&#039;язки для волосся.,https://cdn.gomw.co/a/zq21/lk54/27/2_200x.png
238,Обручі для волосся з вушками оптом,obruchi-dlya-volossya-z-vushkami-optom/,https://kristallik.com.ua/catalog/238/obruchi-dlya-volossya-z-vushkami-optom/,Обручі для волосся з вушками оптом,,Обручі для волосся з вушками оптом,https://cdn.gomw.co/a/zq21/lk54/27/2_200x.png
245,"Обручі, Метал-пластик-стрази оптом",obruchi-metal-plastik-strazi-optom/,https://kristallik.com.ua/catalog/245/obruchi-metal-plastik-strazi-optom/,"Обручі, Метал-пластик-стрази оптом",,"Обручі, Метал-пластик-стрази оптом",https://cdn.gomw.co/a/zq21/lk54/27/2_200x.png
246,Обручі для волосся з бантом оптом,obruchi-dlya-volossya-z-bantom-optom/,https://kristallik.com.ua/catalog/246/obruchi-dlya-volossya-z-bantom-optom/,Обручі для волосся з бантом оптом,,Обручі для волосся з бантом оптом,https://cdn.gomw.co/a/zq21/lk54/27/2_200x.png
247,Обручі для волосся з квітками оптом,obruchi-dlya-volossya-z-kvitkami-optom/,https://kristallik.com.ua/catalog/247/obruchi-dlya-volossya-z-kvitkami-optom/,Обручі для волосся з квітками оптом,,Обручі для волосся з квітками оптом,https://cdn.gomw.co/a/zq21/lk54/27/2_200x.png
248,Браслети на руку.,brasleti-na-ruku/,https://kristallik.com.ua/catalog/248/brasleti-na-ruku/,Браслети на руку.,,Браслети на руку.,https://cdn.gomw.co/a/zq21/lk54/27/2_200x.png
250,"Обручі для волосся, пластикові оптом",obruchi-dlya-volossya-plastikovi-optom/,https://kristallik.com.ua/catalog/250/obruchi-dlya-volossya-plastikovi-optom/,"Обручі для волосся, пластикові оптом",,"Обручі для волосся, пластикові оптом",https://cdn.gomw.co/a/zq21/lk54/27/2_200x.png
253,"Резинки для волосся, Безшовні оптом.",rezinki-dlya-volossya-bezshovni-optom/,https://kristallik.com.ua/catalog/253/rezinki-dlya-volossya-bezshovni-optom/,Безшовні резинки для волосся оптом | Kristallik,Купіть безшовні резинки оптом на Kristallik. Великий вибір якісних аксесуарів для волосся за вигідними оптовими цінами. Доставка по Україні. Замовте прямо зараз,"Резинки для волосся, Безшовні оптом.",https://cdn.gomw.co/a/zq21/lk54/27/2_200x.png
275,Резинки пружинки для волосся оптом.,rezinki-pruzhinki-dlya-volossya-optom/,https://kristallik.com.ua/catalog/275/rezinki-pruzhinki-dlya-volossya-optom/,Резинки пружинки для волосся оптом.,,Резинки пружинки для волосся оптом.,https://cdn.gomw.co/a/zq21/lk54/27/2_200x.png
293,"Резинки для волосся, об&#039;ємні оптом.",rezinki-dlya-volossya-obiemni-optom/,https://kristallik.com.ua/catalog/293/rezinki-dlya-volossya-obiemni-optom/,"Резинки для волосся, об&#039;ємні оптом.",,"Резинки для волосся, об&#039;ємні оптом.",https://cdn.gomw.co/a/zq21/lk54/27/2_200x.png
308,Дзеркала оптом.,dzerkala-optom/,https://kristallik.com.ua/catalog/308/dzerkala-optom/,Дзеркала оптом.,,Дзеркала оптом.,https://cdn.gomw.co/a/zq21/lk54/27/2_200x.png
309,Гребінці для волосся оптом.,grebinci-dlya-volossya-optom/,https://kristallik.com.ua/catalog/309/grebinci-dlya-volossya-optom/,Гребінці для волосся оптом купити | Kristallik,Гребінці для волосся оптом по вигідним цінам від виробника. Великий вибір моделей. Швидка доставка по Україні. Купити гребінці оптом в Kristallik прямо зараз!,Гребінці для волосся оптом.,https://cdn.gomw.co/a/zq21/lk54/27/2_200x.png
310,Брелоки оптом.,breloki-optom/,https://kristallik.com.ua/catalog/310/breloki-optom/,Брелоки оптом.,,Брелоки оптом.,https://cdn.gomw.co/a/zq21/lk54/27/2_200x.png
331,Бісер оптом.,biser-optom/,https://kristallik.com.ua/catalog/331/biser-optom/,Бісер оптом.,,Бісер оптом.,https://cdn.gomw.co/a/zq21/lk54/27/2_200x.png
332,"Бісер дрібний, калібрований №12,по по 50грам.Оптом.",biser-dribniy-kalibrovaniy-12-po-po-50gram-optom/,https://kristallik.com.ua/catalog/332/biser-dribniy-kalibrovaniy-12-po-po-50gram-optom/,"Бісер дрібний, калібрований №12,по по 50грам.Оптом.",,"Бісер дрібний, калібрований №12,по по 50грам.Оптом.",https://cdn.gomw.co/a/zq21/lk54/27/2_200x.png
383,"Бісер великий, №6 по 450г.Китайський оптом.",biser-velikiy-6-po-450g-kitays-kiy-optom/,https://kristallik.com.ua/catalog/383/biser-velikiy-6-po-450g-kitays-kiy-optom/,"Бісер великий, №6 по 450г.Китайський оптом.",,"Бісер великий, №6 по 450г.Китайський оптом.",https://cdn.gomw.co/a/zq21/lk54/27/2_200x.png
447,Брошка оптом,broshka-optom/,https://kristallik.com.ua/catalog/447/broshka-optom/,Брошка оптом,,Брошка оптом,https://cdn.gomw.co/a/zq21/lk54/27/2_200x.png
452,Новорічний товар оптом.,novorichniy-tovar-optom/,https://kristallik.com.ua/catalog/452/novorichniy-tovar-optom/,Новорічний товар оптом.,,Новорічний товар оптом.,https://cdn.gomw.co/a/zq21/lk54/27/2_200x.png
501,Канекалон-пасма штучного волосся оптом,kanekalon-pasma-shtuchnogo-volossya-optom/,https://kristallik.com.ua/catalog/501/kanekalon-pasma-shtuchnogo-volossya-optom/,Канекалон-пасма штучного волосся оптом,,Канекалон-пасма штучного волосся оптом,https://cdn.gomw.co/a/zq21/lk54/27/2_200x.png
725,Маски для вечірок оптом.,maski-dlya-vechirok-optom/,https://kristallik.com.ua/catalog/725/maski-dlya-vechirok-optom/,Маски для вечірок оптом.,,Маски для вечірок оптом.,https://cdn.gomw.co/a/zq21/lk54/27/2_200x.png
863,"Бісер дрібний, №12 по 450г.Китайський оптом.",biser-dribniy-12-po-450g-kitays-kiy-optom/,https://kristallik.com.ua/catalog/863/biser-dribniy-12-po-450g-kitays-kiy-optom/,"Бісер дрібний, №12 по 450г.Китайський оптом.",,"Бісер дрібний, №12 по 450г.Китайський оптом.",https://cdn.gomw.co/a/zq21/lk54/27/2_200x.png
953,Гребінці для волосся DAGG оптом.,grebinci-dlya-volossya-dagg-optom/,https://kristallik.com.ua/catalog/953/grebinci-dlya-volossya-dagg-optom/,Гребінці для волосся DAGG оптом.,,Гребінці для волосся DAGG оптом.,https://cdn.gomw.co/a/zq21/lk54/27/2_200x.png
958,Заколка для волосся Банан оптом,zakolka-dlya-volossya-banan-optom/,https://kristallik.com.ua/catalog/958/zakolka-dlya-volossya-banan-optom/,Заколка для волосся Банан оптом,,Заколка для волосся Банан оптом,https://cdn.gomw.co/a/zq21/lk54/27/2_200x.png
959,Віяла оптом,viyala-optom/,https://kristallik.com.ua/catalog/959/viyala-optom/,Віяла оптом,,Віяла оптом,https://cdn.gomw.co/a/zq21/lk54/27/2_200x.png
981,Бісер Матовий дрібний №12. 450 грам. Китайський оптом.,biser-matoviy-dribniy-12-450-gram-kitays-kiy-optom/,https://kristallik.com.ua/catalog/981/biser-matoviy-dribniy-12-450-gram-kitays-kiy-optom/,Бісер Матовий дрібний №12. 450 грам. Китайський оптом.,,Бісер Матовий дрібний №12. 450 грам. Китайський оптом.,https://cdn.gomw.co/a/zq21/lk54/27/2_200x.png
983,Сережки-Гвоздики оптом.,serezhki-gvozdiki-optom/,https://kristallik.com.ua/catalog/983/serezhki-gvozdiki-optom/,Сережки-Гвоздики оптом.,,Сережки-Гвоздики оптом.,https://cdn.gomw.co/a/zq21/lk54/27/2_200x.png
1495,Бігуді для волосся оптом.,bigudi-dlya-volossya-optom/,https://kristallik.com.ua/catalog/1495/bigudi-dlya-volossya-optom/,Бігуді для волосся оптом.,,Бігуді для волосся оптом.,https://cdn.gomw.co/a/zq21/lk54/27/2_200x.png
1903,Біжутерія XUPING JEWELRY,bizhuteriya-xuping-jewelry/,https://kristallik.com.ua/catalog/1903/bizhuteriya-xuping-jewelry/,Біжутерія XUPING JEWELRY,,Біжутерія XUPING JEWELRY,https://cdn.gomw.co/a/zq21/lk54/27/2_200x.png
2084,Прекраса для волосся.,prekrasa-dlya-volossya/,https://kristallik.com.ua/catalog/2084/prekrasa-dlya-volossya/,Прекраса для волосся.,,Прекраса для волосся.,https://cdn.gomw.co/a/zq21/lk54/27/2_200x.png
2592,Все для виробів з Бісеру оптом.,vse-dlya-virobiv-z-biseru-optom/,https://kristallik.com.ua/catalog/2592/vse-dlya-virobiv-z-biseru-optom/,Все для виробів з Бісеру оптом.,,Все для виробів з Бісеру оптом.,https://cdn.gomw.co/a/zq21/lk54/27/2_200x.png
2829,Біжутерія и аксесуари оптом.,bizhuteriya-i-aksesuari-optom/,https://kristallik.com.ua/catalog/2829/bizhuteriya-i-aksesuari-optom/,Біжутерія и аксесуари оптом.,,Біжутерія и аксесуари оптом.,https://cdn.gomw.co/a/zq21/lk54/27/2_200x.png
2910,Заколки для волосся оптом,zakolki-dlya-volossya-optom/,https://kristallik.com.ua/catalog/2910/zakolki-dlya-volossya-optom/,Заколки для волосся оптом купити в Україні | Kristallik,"Заколки оптом за найкращими цінами від Kristallik. Купити заколки для волосся оптом з доставкою по Україні. Широкий вибір, оптові ціни, якість гарантована.",Заколки для волосся оптом,https://cdn.gomw.co/a/zq21/lk54/27/2_200x.png
2911,Ланцюжки оптом.,lancyuzhki-optom/,https://kristallik.com.ua/catalog/2911/lancyuzhki-optom/,Ланцюжки оптом.,,Ланцюжки оптом.,https://cdn.gomw.co/a/zq21/lk54/27/2_200x.png
2912,Новинки,novinki/,https://kristallik.com.ua/catalog/2912/novinki/,Новинки,,Новинки,https://cdn.gomw.co/a/zq21/lk54/27/2_200x.png
2926,"Рубка, фасована. Китай.2.5 мм.",rubka-fasovana-kitay-2-5-mm/,https://kristallik.com.ua/catalog/2926/rubka-fasovana-kitay-2-5-mm/,"Рубка, фасована. Китай.2.5 мм.",,"Рубка, фасована. Китай.2.5 мм.",https://cdn.gomw.co/a/zq21/lk54/27/2_200x.png
2927,"Стеклярус, фасований. Китайский,6 мм.",steklyarus-fasovaniy-kitayskiy-6-mm/,https://kristallik.com.ua/catalog/2927/steklyarus-fasovaniy-kitayskiy-6-mm/,"Стеклярус, фасований. Китайский,6 мм.",,"Стеклярус, фасований. Китайский,6 мм.",https://cdn.gomw.co/a/zq21/lk54/27/2_200x.png
2928,Игрушки,igrushki/,https://kristallik.com.ua/catalog/2928/igrushki/,Игрушки,,Игрушки,https://cdn.gomw.co/a/zq21/lk54/27/2_200x.png
2929,Кулони Stainless Steel,kuloni-stainless-steel/,https://kristallik.com.ua/catalog/2929/kuloni-stainless-steel/,Кулони Stainless Steel,,Кулони Stainless Steel,https://cdn.gomw.co/a/zq21/lk54/27/2_200x.png
2930,Сережки Stainless Steel.,serezhki-stainless-steel/,https://kristallik.com.ua/catalog/2930/serezhki-stainless-steel/,Сережки Stainless Steel.,,Сережки Stainless Steel.,https://cdn.gomw.co/a/zq21/lk54/27/2_200x.png
2931,Хутряні навушники оптом.,hutryani-navushniki-optom/,https://kristallik.com.ua/catalog/2931/hutryani-navushniki-optom/,Хутряні навушники оптом.,,Хутряні навушники оптом.,https://cdn.gomw.co/a/zq21/lk54/27/2_200x.png
2934,Палички що світяться оптом.,palichki-scho-svityat-sya-optom/,https://kristallik.com.ua/catalog/2934/palichki-scho-svityat-sya-optom/,Палички що світяться оптом.,,Палички що світяться оптом.,https://cdn.gomw.co/a/zq21/lk54/27/2_200x.png
2935,"Корони, чарівні палички оптом.",koroni-charivni-palichki-optom/,https://kristallik.com.ua/catalog/2935/koroni-charivni-palichki-optom/,"Корони, чарівні палички оптом.",,"Корони, чарівні палички оптом.",https://cdn.gomw.co/a/zq21/lk54/27/2_200x.png
2936,Кулони-Валентинки оптом.,kuloni-valentinki-optom/,https://kristallik.com.ua/catalog/2936/kuloni-valentinki-optom/,Кулони-Валентинки оптом.,,Кулони-Валентинки оптом.,https://cdn.gomw.co/a/zq21/lk54/27/2_200x.png
2937,Бісер дрібний-фасований. №12. По 20 грам.,biser-dribniy-fasovaniy-12-po-20-gram/,https://kristallik.com.ua/catalog/2937/biser-dribniy-fasovaniy-12-po-20-gram/,Бісер дрібний-фасований. №12. По 20 грам.,,Бісер дрібний-фасований. №12. По 20 грам.,https://cdn.gomw.co/a/zq21/lk54/27/2_200x.png
2938,Дитячі затискачі для волосся.,dityachi-zatiskachi-dlya-volossya/,https://kristallik.com.ua/catalog/2938/dityachi-zatiskachi-dlya-volossya/,Дитячі затискачі для волосся.,,Дитячі затискачі для волосся.,https://cdn.gomw.co/a/zq21/lk54/27/2_200x.png
2939,Галантерея,galantereya/,https://kristallik.com.ua/catalog/2939/galantereya/,Галантерея,,Галантерея,https://cdn.gomw.co/a/zq21/lk54/27/2_200x.png
2940,Резинки Силіконові.,rezinki-silikonovi/,https://kristallik.com.ua/catalog/2940/rezinki-silikonovi/,Резинки Силіконові.,,Резинки Силіконові.,https://cdn.gomw.co/a/zq21/lk54/27/2_200x.png
2941,Пакети подарункові.,paketi-podarunkovi/,https://kristallik.com.ua/catalog/2941/paketi-podarunkovi/,Пакети подарункові.,,Пакети подарункові.,https://cdn.gomw.co/a/zq21/lk54/27/2_200x.png
2942,Невидимки,nevidimki/,https://kristallik.com.ua/catalog/2942/nevidimki/,Невидимки,,Невидимки,https://cdn.gomw.co/a/zq21/lk54/27/2_200x.png
2945,Кулон-чокер.,kulon-choker/,https://kristallik.com.ua/catalog/2945/kulon-choker/,Кулон-чокер.,,Кулон-чокер.,https://cdn.gomw.co/a/zq21/lk54/27/2_200x.png
